host, domain, type, ttl, content, content2, content3, content4
www.zhp.pl, zhp.pl, CNAME, 3600, zhp.pl
ftp.zhp.pl, zhp.pl, CNAME, 3600, zhp.pl
mail.zhp.pl, zhp.pl, CNAME, 3600, zhp.pl
bochnia.zhp.pl, zhp.pl, NS, 3600, ns1.hekko.net.pl, ns2.hekko.net.pl
gdansk.zhp.pl, zhp.pl, NS, 3600, dns1.thecamels.org, dns2.thecamels.org
bydgoszcz.zhp.pl, zhp.pl, NS, 3600, ns1.ibc.pl, ns2.ibc.pl
katy.zhp.pl, zhp.pl, NS, 3600, ns5.webd.pl, ns7.webd.pl
nowysacz.zhp.pl, zhp.pl, NS, 3600, ns1.zenbox.pl, ns2.zenbox.pl
kosarzyska.zhp.pl, zhp.pl, NS, 3600, ns1.hekko.net.pl, ns2.hekko.net.pl
krakownowahuta.zhp.pl, zhp.pl, NS, 3600, ns1.zenbox.pl, ns2.zenbox.pl
krakowpodgorze.zhp.pl, zhp.pl, NS, 3600, ns1.hekko.net.pl, ns2.hekko.net.pl
krakowsrodmiescie.zhp.pl, zhp.pl, NS, 3600, ns1.hekko.net.pl, ns2.hekko.net.pl
krakowkrowodrza.zhp.pl, zhp.pl, NS, 3600, ns1.hekko.net.pl, ns2.hekko.net.pl
krzeszowice.zhp.pl, zhp.pl, NS, 3600, dns1.slaskdatacenter.pl, dns2.slaskdatacenter.pl, dns3.slaskdatacenter.pl
oswiecim.zhp.pl, zhp.pl, NS, 3600, ns1.zenbox.pl, ns2.zenbox.pl
lubin.zhp.pl, zhp.pl, NS, 3600, ns1.hostdmk.net, ns2.hostdmk.net
plock.zhp.pl, zhp.pl, NS, 3600, dns113.ovh.net, ns113.ovh.net
wejherowo.zhp.pl, zhp.pl, NS, 3600, ns1.iq.pl, ns2.iq.pl
torun.zhp.pl, zhp.pl, NS, 3600, ns1.atthost.pl, ns2.atthost.pl
czestochowa.zhp.pl, zhp.pl, NS, 3600, dns.trustnet.pl, dns2.trustnet.pl
sopot.zhp.pl, zhp.pl, NS, 3600, ns1.ehost.pl, ns2.ehost.pl
swiecie.zhp.pl, zhp.pl, NS, 3600, ns1.atthost.pl, ns2.atthost.pl
szprotawa.zhp.pl, zhp.pl, NS, 3600, ns1.hekko.net.pl, ns2.hekko.net.pl
glodowka.zhp.pl, zhp.pl, NS, 3600, ns1.netart.pl, ns2.netart.pl
zychlin.zhp.pl, zhp.pl, NS, 3600, ns1.ogicom.pl, ns2.ogicom.pl
konstancin.zhp.pl, zhp.pl, NS, 3600, ns1.atthost.pl, ns2.atthost.pl
brzesko.zhp.pl, zhp.pl, NS, 3600, ns1.hekko.net.pl, ns2.hekko.net.pl
wieliczka.zhp.pl, zhp.pl, NS, 3600, ns1.nazwa.pl, ns2.nazwa.pl, ns3.nazwa.pl
piaskidruzkow.zhp.pl, zhp.pl, NS, 3600, ns1.hekko.net.pl, ns2.hekko.net.pl
wola.zhp.pl, zhp.pl, NS, 3600, ns1.atthost.pl, ns2.atthost.pl
mysql.zhp.pl, zhp.pl, CNAME, 3600, sql.zhp.pl
wadowice.zhp.pl, zhp.pl, NS, 3600, ns11.linuxpl.com, dns11.linuxpl.com
podkrakowski.zhp.pl, zhp.pl, NS, 3600, ns1.zenbox.pl, ns2.zenbox.pl
korzkiew.zhp.pl, zhp.pl, NS, 3600, ns1.hekko.net.pl, ns2.hekko.net.pl
koronowo.zhp.pl, zhp.pl, NS, 3600, ns1.atthost.pl, ns2.atthost.pl
lowicz.zhp.pl, zhp.pl, A, 3600, 85.128.206.44
kielcepoludnie.zhp.pl, zhp.pl, NS, 3600, ns1.atthost.pl, ns2.atthost.pl
starachowice.zhp.pl, zhp.pl, NS, 3600, ns5.webd.pl, ns7.webd.pl
dhkielce.zhp.pl, zhp.pl, NS, 3600, ns7.webd.pl, ns5.webd.pl
radomsko.zhp.pl, zhp.pl, NS, 3600, ns1.webserwer.pl, ns2.webserwer.pl
warszawapragapd.zhp.pl, zhp.pl, CNAME, 3600, pragapoludnie.zhp.pl
piastow.zhp.pl, zhp.pl, NS, 3600, ns1.zenbox.pl, ns2.zenbox.pl
elblag.zhp.pl, zhp.pl, NS, 3600, dns1.82-300.pl, dns2.82-300.pl
konin.zhp.pl, zhp.pl, NS, 3600, ns1.kylos.pl, ns2.kylos.pl
lubliniec.zhp.pl, zhp.pl, NS, 3600, ns1.ehost.pl, ns2.ehost.pl
warszawaursynow.zhp.pl, zhp.pl, NS, 3600, ns2.linuxpl.com, dns2.linuxpl.com
glubczyce.zhp.pl, zhp.pl, NS, 3600, ns1.ehost.pl, ns2.ehost.pl
olesnica.zhp.pl, zhp.pl, NS, 3600, ns1.datanet.pl, ns2.datanet.pl
kp.zhp.pl, zhp.pl, NS, 3600, ns1.atthost.pl, ns2.atthost.pl
arsenal.zhp.pl, zhp.pl, NS, 3600, ns1.unixstorm.org, ns2.unixstorm.org
glogow.zhp.pl, zhp.pl, NS, 3600, ns1.netart.pl, ns2.netart.pl
milicz.zhp.pl, zhp.pl, NS, 3600, ns1.keed.pl, ns2.keed.pl, ns3.keed.pl
polkowice.zhp.pl, zhp.pl, NS, 3600, ns1.netart.pl, ns2.netart.pl, ns3.netart.pl
srodaslaska.zhp.pl, zhp.pl, NS, 3600, dns8.linuxpl.com, ns8.linuxpl.com
wolow.zhp.pl, zhp.pl, NS, 3600, ns1.ogicom.pl, ns2.ogicom.pl
pragapoludnie.zhp.pl, zhp.pl, NS, 3600, ns1.atthost.pl, ns2.atthost.pl
gdanskportowa.zhp.pl, zhp.pl, NS, 3600, dns1.thecamels.org, dns2.thecamels.org
wroclaw.zhp.pl, zhp.pl, NS, 3600, dns20.ovh.net, ns20.ovh.net
perkoz.zhp.pl, zhp.pl, NS, 3600, ns1.ehost.pl, ns2.ehost.pl
gizycko.zhp.pl, zhp.pl, NS, 3600, ns1.fc.pl, ns2.fc.pl
chojnice.zhp.pl, zhp.pl, NS, 3600, ns1.atthost.pl, ns2.atthost.pl
award.zhp.pl, zhp.pl, NS, 3600, ns1.superhost.pl, ns2.superhost.pl
zdunskawola.zhp.pl, zhp.pl, NS, 3600, fns1.42.pl, fns2.42.pl
irc.zhp.pl, zhp.pl, CNAME, 3600, chat.eu.scoutlink.net
irc2.zhp.pl, zhp.pl, CNAME, 3600, chat.scoutlink.net
edev2.zhp.pl, zhp.pl, A, 3600, 213.189.38.133
lednica.zhp.pl, zhp.pl, NS, 3600, ns1.zenbox.pl, ns2.zenbox.pl
drezdenko.zhp.pl, zhp.pl, NS, 3600, ns1.easyisp.pl, ns2.easyisp.pl
trzebinia.zhp.pl, zhp.pl, NS, 3600, ns1.zenbox.pl, ns2.zenbox.pl
jordanow.zhp.pl, zhp.pl, NS, 3600, ns1.hekko.net.pl, ns2.hekko.net.pl
kety.zhp.pl, zhp.pl, NS, 3600, ns1.hekko.net.pl, ns2.hekko.net.pl
olkusz.zhp.pl, zhp.pl, NS, 3600, ns1.zenbox.pl, ns2.zenbox.pl
lebork.zhp.pl, zhp.pl, NS, 3600, dns11.linuxpl.com, ns11.linuxpl.com
sulejowek.zhp.pl, zhp.pl, NS, 3600, ns1.atthost.pl, ns2.atthost.pl
wielkopolska.zhp.pl, zhp.pl, NS, 3600, ns1.interian.pl, ns3.tomkii.net, jasmin.bracz.edu.pl
chodziez.zhp.pl, zhp.pl, NS, 3600, ns1.interian.pl, ns3.tomkii.net, jasmin.bracz.edu.pl
czerwonak.zhp.pl, zhp.pl, NS, 3600, ns1.interian.pl, ns3.tomkii.net, jasmin.bracz.edu.pl
kalisz.zhp.pl, zhp.pl, NS, 3600, ns1.interian.pl, ns3.tomkii.net, jasmin.bracz.edu.pl
kepno.zhp.pl, zhp.pl, NS, 3600, ns1.interian.pl, ns3.tomkii.net, jasmin.bracz.edu.pl
kozmin.zhp.pl, zhp.pl, NS, 3600, ns1.interian.pl, ns3.tomkii.net, jasmin.bracz.edu.pl
leszno.zhp.pl, zhp.pl, NS, 3600, ns1.interian.pl, ns3.tomkii.net, jasmin.bracz.edu.pl
ostrowwielkopolski.zhp.pl, zhp.pl, NS, 3600, ns1.interian.pl, ns3.tomkii.net, jasmin.bracz.edu.pl
ostrzeszow.zhp.pl, zhp.pl, NS, 3600, ns1.interian.pl, ns3.tomkii.net, jasmin.bracz.edu.pl
pila.zhp.pl, zhp.pl, NS, 3600, ns1.interian.pl, ns3.tomkii.net, jasmin.bracz.edu.pl
poznangrunwald.zhp.pl, zhp.pl, A, 3600, 94.23.27.27
poznanjezyce.zhp.pl, zhp.pl, NS, 3600, ns1.interian.pl, ns3.tomkii.net, jasmin.bracz.edu.pl
poznannowemiasto.zhp.pl, zhp.pl, NS, 3600, ns1.interian.pl, ns3.tomkii.net, jasmin.bracz.edu.pl
poznanstaremiasto.zhp.pl, zhp.pl, NS, 3600, ns1.interian.pl, ns3.tomkii.net, jasmin.bracz.edu.pl
poznansrodmiescie.zhp.pl, zhp.pl, NS, 3600, ns1.cal.pl, ns2.cal.pl
poznanwilda.zhp.pl, zhp.pl, NS, 3600, ns1.hostdmk.net, ns2.hostdmk.net
poznanrejon.zhp.pl, zhp.pl, NS, 3600, ns1.interian.pl, ns3.tomkii.net, jasmin.bracz.edu.pl
rawicz.zhp.pl, zhp.pl, NS, 3600, ns1.interian.pl, ns3.tomkii.net, jasmin.bracz.edu.pl
slupca.zhp.pl, zhp.pl, NS, 3600, ns1.interian.pl, ns3.tomkii.net, jasmin.bracz.edu.pl
smigiel.zhp.pl, zhp.pl, NS, 3600, ns1.interian.pl, ns3.tomkii.net, jasmin.bracz.edu.pl
sroda.zhp.pl, zhp.pl, NS, 3600, ns1.interian.pl, ns3.tomkii.net, jasmin.bracz.edu.pl
trzcianka.zhp.pl, zhp.pl, NS, 3600, ns1.interian.pl, ns3.tomkii.net, jasmin.bracz.edu.pl
wagrowiec.zhp.pl, zhp.pl, NS, 3600, ns1.interian.pl, ns3.tomkii.net, jasmin.bracz.edu.pl
zlotow.zhp.pl, zhp.pl, NS, 3600, ns1.interian.pl, ns3.tomkii.net, jasmin.bracz.edu.pl
piekaryslaskie.zhp.pl, zhp.pl, NS, 3600, fns1.42.pl, fns2.42.pl
*.spis2008.zhp.pl, zhp.pl, CNAME, 3600, spis2008.zhp.pl
www.slupsk.zhp.pl, zhp.pl, CNAME, 3600, slupsk.zhp.pl
*.slupsk.zhp.pl, zhp.pl, A, 300, 95.48.248.122
czarnawoda.zhp.pl, zhp.pl, NS, 3600, ns7.webd.pl, ns5.webd.pl
www.zamosc.zhp.pl, zhp.pl, A, 3600, 83.19.99.158
poczta.ostroda.zhp.pl, zhp.pl, CNAME, 3600, ghs.google.com
dokumenty.ostroda.zhp.pl, zhp.pl, CNAME, 3600, ghs.google.com
kalendarz.ostroda.zhp.pl, zhp.pl, CNAME, 3600, ghs.google.com
start.ostroda.zhp.pl, zhp.pl, CNAME, 3600, ghs.google.com
merkury.ostroda.zhp.pl, zhp.pl, CNAME, 3600, merkury.homelinux.net
lubuska.zhp.pl, zhp.pl, NS, 3600, ns1.zenbox.pl, ns2.zenbox.pl
opoczno.zhp.pl, zhp.pl, NS, 3600, dns12.linuxpl.com, ns12.linuxpl.com
swidnik.zhp.pl, zhp.pl, NS, 3600, ns1.netart.pl, ns2.netart.pl, ns3.netart.pl
warszawacentrum.zhp.pl, zhp.pl, NS, 3600, dns10.linuxpl.com, ns10.linuxpl.com
*.bytow.zhp.pl, zhp.pl, A, 300, 95.48.248.122
legionowo.zhp.pl, zhp.pl, NS, 3600, ns1.atthost.pl, ns2.atthost.pl
sezam.zhp.pl, zhp.pl, A, 3600, 89.171.90.254
opal.zhp.pl, zhp.pl, NS, 3600, ns1.webserwer.pl, ns2.webserwer.pl
bazapajak.zhp.pl, zhp.pl, NS, 3600, dns3.trustnet.pl, dns.trustnet.pl, dns2.trustnet.pl
lask.zhp.pl, zhp.pl, NS, 3600, ns1.iq.pl, ns2.iq.pl
poczta.wolomin.zhp.pl, zhp.pl, CNAME, 3600, ghs.google.com
kalendarz.wolomin.zhp.pl, zhp.pl, CNAME, 3600, ghs.google.com
dokumenty.wolomin.zhp.pl, zhp.pl, CNAME, 3600, ghs.google.com
strony.wolomin.zhp.pl, zhp.pl, CNAME, 3600, ghs.google.com
grudziadz.zhp.pl, zhp.pl, NS, 3600, ns1.atthost.pl, ns2.atthost.pl
wloclawek.zhp.pl, zhp.pl, NS, 3600, ns1.atthost.pl, ns2.atthost.pl
jawor.zhp.pl, zhp.pl, NS, 3600, dns11.linuxpl.com, ns11.linuxpl.com
podkarpacka.zhp.pl, zhp.pl, NS, 3600, dns8.linuxpl.com, ns8.linuxpl.com
devel.zhp.pl, zhp.pl, A, 300, 194.29.174.10
warszawaochota.zhp.pl, zhp.pl, NS, 3600, ns100.ovh.net, dns100.ovh.net
wntgk.zhp.pl, zhp.pl, A, 3600, 213.189.38.130
lodzgorna.zhp.pl, zhp.pl, NS, 3600, ns1.atthost.pl, ns2.atthost.pl
zmigrod.zhp.pl, zhp.pl, NS, 3600, ns.lh.pl, ns2.lighthosting.net
kopernikanski.zhp.pl, zhp.pl, NS, 3600, ns1.atthost.pl, ns2.atthost.pl
walbrzych.zhp.pl, zhp.pl, NS, 3600, ns1.hekko.net.pl, ns2.hekko.net.pl
lezajsk.zhp.pl, zhp.pl, NS, 3600, ns1.statnet.pl, ns2.statnet.pl
google46a5c5b885027ebd.kielcepowiat.zhp.pl, zhp.pl, CNAME, 3600, google.com
bialystok.zhp.pl, zhp.pl, NS, 3600, dns11.linuxpl.com, ns11.linuxpl.com
ocypel.zhp.pl, zhp.pl, NS, 3600, ns1.netmark.pl, ns2.netmark.pl
zielonagora.zhp.pl, zhp.pl, NS, 3600, ns1.zenbox.pl, ns2.zenbox.pl
kostrzyn.zhp.pl, zhp.pl, NS, 3600, ns7.webd.pl, ns5.webd.pl
minsk.zhp.pl, zhp.pl, NS, 3600, ns1.hekko.net.pl, ns2.hekko.net.pl
vpn.ostroda.zhp.pl, zhp.pl, CNAME, 3600, merkury.ostroda.zhp.pl
frelichowski.zhp.pl, zhp.pl, NS, 3600, ns12.linuxpl.com, dns12.linuxpl.com, fns1.42.pl
podhalanski.zhp.pl, zhp.pl, NS, 3600, dns12.linuxpl.com, ns12.linuxpl.com
brodnica.zhp.pl, zhp.pl, NS, 3600, ns1.atthost.pl, ns2.atthost.pl
lowicz.zhp.pl, zhp.pl, MX, 3600, 10 lowicz.zhp.pl
www.lowicz.zhp.pl, zhp.pl, CNAME, 3600, lowicz.zhp.pl
wrzesnia.zhp.pl, zhp.pl, NS, 3600, ns1.interian.pl, ns3.tomkii.net
bumerang.zhp.pl, zhp.pl, NS, 3600, ns20.ovh.net, dns20.ovh.net
www.rajdswietokrzyski.zhp.pl, zhp.pl, CNAME, 3600, rajdswietokrzyski.zhp.pl
dzierzoniow.zhp.pl, zhp.pl, NS, 3600, ns1.hekko.net.pl, ns2.hekko.net.pl
lodzpolesie.zhp.pl, zhp.pl, NS, 3600, ns1.zenbox.pl, ns2.zenbox.pl
kartuzy.zhp.pl, zhp.pl, NS, 3600, ns1.hostbox.pl, ns2.hostbox.pl
wloclawekpowiat.zhp.pl, zhp.pl, CNAME, 3600, powiatwloclawek.zhp.pl
tomaszowmaz.zhp.pl, zhp.pl, NS, 3600, ns1.he.net, ns2.he.net, ns3.he.net
siodemka.zhp.pl, zhp.pl, NS, 3600, ns1.cal.pl, ns2.cal.pl
festiwalbrodnica.zhp.pl, zhp.pl, NS, 3600, ns1.manifo.org, ns2.manifo.org
piotrkow.zhp.pl, zhp.pl, NS, 3600, ns10.az.pl, ns11.az.pl, ns12.az.pl
wzlot.zhp.pl, zhp.pl, NS, 3600, ns1.atthost.pl, ns2.atthost.pl
czarnyszlak.zhp.pl, zhp.pl, NS, 3600, ns1.hostinghouse.pl, ns2.hostinghouse.pl
www.czarnyszlak.zhp.pl, zhp.pl, CNAME, 3600, czarnyszlak.zhp.pl
mail.stoleczna.zhp.pl, zhp.pl, CNAME, 3600, ghs.google.com
dokumenty.stoleczna.zhp.pl, zhp.pl, CNAME, 3600, ghs.google.com
start.stoleczna.zhp.pl, zhp.pl, CNAME, 3600, ghs.google.com
sites.stoleczna.zhp.pl, zhp.pl, CNAME, 3600, ghs.google.com
kalendarz.stoleczna.zhp.pl, zhp.pl, CNAME, 3600, ghs.google.com
ostroda.zhp.pl, zhp.pl, NS, 3600, fns1.42.pl, fns2.42.pl
edev.zhp.pl, zhp.pl, A, 3600, 213.189.38.133
edruzyna.zhp.pl, zhp.pl, A, 3600, 213.189.38.133
ehufiec.zhp.pl, zhp.pl, A, 3600, 213.189.38.133
sapi.zhp.pl, zhp.pl, A, 3600, 213.189.38.133
spis2008.zhp.pl, zhp.pl, A, 3600, 213.189.38.133
veturi.zhp.pl, zhp.pl, A, 3600, 213.189.38.133
dolnoslaska.zhp.pl, zhp.pl, NS, 3600, ns1.nazwa.pl, ns2.nazwa.pl, ns3.nazwa.pl
www.lancut.zhp.pl, zhp.pl, CNAME, 3600, lancut.zhp.pl
carpe-noctum.zhp.pl, zhp.pl, NS, 3600, dns.home.pl, dns2.home.pl, dns3.home.pl
warszawazoliborz.zhp.pl, zhp.pl, NS, 3600, ns1.atthost.pl, ns2.atthost.pl
ziemiarzeszowska.zhp.pl, zhp.pl, NS, 3600, ns1.ogicom.pl, ns2.ogicom.pl, ns3.ogicom.pl
zgierz.zhp.pl, zhp.pl, NS, 3600, ns1.ogicom.pl, ns2.ogicom.pl, ns3.ogicom.pl
zabkowiceslaskie.zhp.pl, zhp.pl, NS, 3600, ns1.ogicom.pl, ns2.ogicom.pl
slawno.zhp.pl, zhp.pl, NS, 3600, ns1.ogicom.pl, ns2.ogicom.pl, ns3.ogicom.pl
swidnica.zhp.pl, zhp.pl, NS, 3600, ns1.ogicom.pl, ns2.ogicom.pl, ns3.ogicom.pl
sztum.zhp.pl, zhp.pl, NS, 3600, ns1.ogicom.pl, ns2.ogicom.pl, ns3.ogicom.pl
lodzsrodmiescie.zhp.pl, zhp.pl, NS, 3600, ns1.oiq.pl, ns2.oiq.pl
luban.zhp.pl, zhp.pl, NS, 3600, ns1.ogicom.pl, ns2.ogicom.pl, ns3.ogicom.pl
mak.zhp.pl, zhp.pl, NS, 3600, ns1.ogicom.pl, ns2.ogicom.pl, ns3.ogicom.pl
mielec.zhp.pl, zhp.pl, NS, 3600, ns1.ogicom.pl, ns2.ogicom.pl, ns3.ogicom.pl
kielcepowiat.zhp.pl, zhp.pl, NS, 3600, ns1.atthost.pl, ns2.atthost.pl
kielecka.zhp.pl, zhp.pl, NS, 3600, ns1.atthost.pl, ns2.atthost.pl
krosno.zhp.pl, zhp.pl, NS, 3600, ns1.ogicom.pl, ns2.ogicom.pl, ns3.ogicom.pl
kwidzyn.zhp.pl, zhp.pl, NS, 3600, ns1.ogicom.pl, ns2.ogicom.pl, ns3.ogicom.pl
lagiewniki.zhp.pl, zhp.pl, NS, 3600, ns1.ogicom.pl, ns2.ogicom.pl, ns3.ogicom.pl
bierutow.zhp.pl, zhp.pl, NS, 3600, ns1.ogicom.pl, ns2.ogicom.pl, ns3.ogicom.pl
bystrzycaklodzka.zhp.pl, zhp.pl, NS, 3600, ns1.ogicom.pl, ns2.ogicom.pl, ns3.ogicom.pl
chojnow.zhp.pl, zhp.pl, NS, 3600, ns1.ogicom.pl, ns2.ogicom.pl, ns3.ogicom.pl
cieszyn.zhp.pl, zhp.pl, NS, 3600, ns1.ogicom.pl, ns2.ogicom.pl, ns3.ogicom.pl
debica.zhp.pl, zhp.pl, NS, 3600, dns1.mydevil.net, dns2.mydevil.net
festiwal-kielce.zhp.pl, zhp.pl, NS, 3600, ns1.atthost.pl, ns2.atthost.pl
gdanska.zhp.pl, zhp.pl, NS, 3600, ns1.ogicom.pl, ns2.ogicom.pl, ns3.ogicom.pl
gdanskaksztalcenie.zhp.pl, zhp.pl, NS, 3600, ns1.ogicom.pl, ns2.ogicom.pl, ns3.ogicom.pl
gorzow.zhp.pl, zhp.pl, NS, 3600, ns1.ogicom.pl, ns2.ogicom.pl, ns3.ogicom.pl
pragapolnoc.zhp.pl, zhp.pl, NS, 3600, ns1.ogicom.pl, ns2.ogicom.pl, ns3.ogicom.pl
przeslanie.zhp.pl, zhp.pl, NS, 3600, ns1.ogicom.pl, ns2.ogicom.pl, ns3.ogicom.pl
ps.zhp.pl, zhp.pl, NS, 3600, ns1.ogicom.pl, ns2.ogicom.pl, ns3.ogicom.pl
radommiasto.zhp.pl, zhp.pl, NS, 3600, ns1.atthost.pl, ns2.atthost.pl
skierniewice.zhp.pl, zhp.pl, NS, 3600, ns1.ogicom.pl, ns2.ogicom.pl, ns3.ogicom.pl
starekarpno.zhp.pl, zhp.pl, NS, 3600, ns1.hekko.net.pl, ns2.hekko.net.pl
westerplatte.zhp.pl, zhp.pl, NS, 3600, ns1.hekko.net.pl, ns2.hekko.net.pl
rajdswietokrzyski.zhp.pl, zhp.pl, NS, 3600, ns5.webd.pl, ns7.webd.pl
mokotow.zhp.pl, zhp.pl, NS, 3600, ns1.unixstorm.org, ns2.unixstorm.org
olawa.zhp.pl, zhp.pl, NS, 3600, ns12.linuxpl.com, dns12.linuxpl.com
tezm-mazowiecka.zhp.pl, zhp.pl, NS, 3600, ns1.x14.eu, ns3.x25.pl
hrubieszow.zhp.pl, zhp.pl, NS, 3600, ns1.atthost.pl, ns2.atthost.pl
starosiele.zhp.pl, zhp.pl, NS, 3600, ns1.atthost.pl, ns2.atthost.pl
orneta.zhp.pl, zhp.pl, NS, 3600, ns11.linuxpl.com, dns11.linuxpl.com
morenka.zhp.pl, zhp.pl, A, 3600, 87.98.239.16
morenka.zhp.pl, zhp.pl, MX, 3600, 1 aspmx.l.google.com, 5 alt1.aspmx.l.google.com, 5 alt2.aspmx.l.google.com
morenka.zhp.pl, zhp.pl, TXT, 3600, "v=spf1 include:aspmx.googlemail.com ~all"
*.morenka.zhp.pl, zhp.pl, A, 3600, 87.98.239.16
*.gdanskwrzeszczoliwa.zhp.pl, zhp.pl, A, 3600, 87.98.239.16
paluki.zhp.pl, zhp.pl, NS, 3600, ns1.atthost.pl, ns2.atthost.pl
skarzysko.zhp.pl, zhp.pl, NS, 3600, ns1.atthost.pl, ns2.atthost.pl
www.zk.wntgk.zhp.pl, zhp.pl, CNAME, 3600, zk.wntgk.zhp.pl
jaroslaw.zhp.pl, zhp.pl, NS, 3600, dns1.home.pl, dns2.home.pl
opolemiasto.zhp.pl, zhp.pl, CNAME, 3600, opole.zhp.pl
puck.zhp.pl, zhp.pl, NS, 3600, ns1.ogicom.pl, ns2.ogicom.pl
wawer.zhp.pl, zhp.pl, NS, 3600, ns1.x14.eu, ns3.x25.pl
staszow.zhp.pl, zhp.pl, NS, 3600, ns1.atthost.pl, ns2.atthost.pl
nowasol.zhp.pl, zhp.pl, CNAME, 3600, ghs.google.com
646napfp2tt7.zhp.pl, zhp.pl, CNAME, 3600, gv-4pvab7ilnxipxn.dv.googlehosted.com
www.nowasol.zhp.pl, zhp.pl, CNAME, 3600, ghs.google.com
ksiegagromad.zhp.pl, zhp.pl, NS, 3600, ns1.zenbox.pl, ns2.zenbox.pl
zkk.lodzpolesie.zhp.pl, zhp.pl, NS, 3600, ns-pl.1and1-dns.pl, ns-pl.1and1-dns.biz
lubelska.zhp.pl, zhp.pl, TXT, 3600, "v=spf1 include:spf.protection.outlook.com -all"
gdanskprzymorze.zhp.pl, zhp.pl, CNAME, 3600, ghs.google.com
www.gdanskprzymorze.zhp.pl, zhp.pl, CNAME, 3600, ghs.google.com
kolno.zhp.pl, zhp.pl, NS, 3600, ns1.hekko.net.pl, ns2.hekko.net.pl
jasien.gdansk.zhp.pl, zhp.pl, NS, 3600, ns1.gbzl.pl, ns2.gbzl.pl
oboz.krzeszowice.zhp.pl, zhp.pl, NS, 3600, ns1.hostdns.pl, ns2.hostdns.pl
bazapajak.zhp.pl, zhp.pl, A, 3600, 91.211.221.203
vpngk.zhp.pl, zhp.pl, A, 3600, 213.189.38.130
lomza.zhp.pl, zhp.pl, NS, 3600, ns1.datasferix.pl, ns2.datasferix.pl
klodzko.zhp.pl, zhp.pl, NS, 3600, dns8.linuxpl.com, ns8.linuxpl.com
tarnow.zhp.pl, zhp.pl, NS, 3600, ns1.kei.pl, ns2.kei.pl
siedlce.zhp.pl, zhp.pl, NS, 3600, ns1.manifo.pl, ns2.manifo.pl
harcbieg.zhp.pl, zhp.pl, NS, 3600, ns1.megiteam.pl, ns2.megiteam.pl
test-rejestracja.zhp.pl, zhp.pl, A, 3600, 213.189.38.130
dev-rejestracja.zhp.pl, zhp.pl, A, 3600, 213.189.38.130
szaradruzyna.zhp.pl, zhp.pl, NS, 3600, d.ns1.pl, d.ns2.pl
stoleczna.zhp.pl, zhp.pl, TXT, 3600, "v=spf1 include:spf.protection.outlook.com -all"
rada.mazowiecka.zhp.pl, zhp.pl, NS, 3600, ns1.megiteam.pl, ns2.megiteam.pl
inowroclaw.zhp.pl, zhp.pl, NS, 3600, ns1.atthost.pl, ns2.atthost.pl
miks.zhp.pl, zhp.pl, NS, 3600, ns1.atthost.pl, ns2.atthost.pl
_sip._tls.stoleczna.zhp.pl, zhp.pl, SRV, 3600, 100 1 443 sipdir.online.lync.com
rajdscenariusz.zhp.pl, zhp.pl, NS, 3600, ns1.8p.pl, ns2.8p.pl
cogito.zhp.pl, zhp.pl, NS, 3600, ns1.superhost.pl, ns2.superhost.pl
kursharcmistrzowski.zhp.pl, zhp.pl, NS, 3600, ns1.superhost.pl, ns2.superhost.pl
czarna.zhp.pl, zhp.pl, NS, 3600, ns1.nazwa.pl, ns2.nazwa.pl, ns3.nazwa.pl
pabianice.zhp.pl, zhp.pl, A, 3600, 79.133.210.186
pielgrzymka.zhp.pl, zhp.pl, NS, 3600, dns.smarthost.pl, dns2.smarthost.pl, dns3.smarthost.pl
autodiscover.zhp.pl, zhp.pl, CNAME, 3600, autodiscover.outlook.com
msoid.zhp.pl, zhp.pl, CNAME, 3600, clientconfig.microsoftonline-p.net
sip.zhp.pl, zhp.pl, CNAME, 3600, sipdir.online.lync.com
lyncdiscover.zhp.pl, zhp.pl, CNAME, 3600, webdir.online.lync.com
_sip._tls.zhp.pl, zhp.pl, SRV, 3600, 100 1 443 sipdir.online.lync.com
_sipfederationtls._tcp.zhp.pl, zhp.pl, SRV, 3600, 100 1 5061 sipfed.online.lync.com
ckr.zhp.pl, zhp.pl, TXT, 3600, "v=spf1 include:spf.protection.outlook.com -all"
*.lubelska.zhp.pl, zhp.pl, A, 3600, 193.218.152.52
tczew.zhp.pl, zhp.pl, NS, 3600, ns1.hekko.net.pl, ns2.hekko.net.pl
nazajecia.zhp.pl, zhp.pl, NS, 3600, ns1.atthost.pl, ns2.atthost.pl
google._domainkey.stoleczna.zhp.pl, zhp.pl, TXT, 3600, "v=DKIM1; k=rsa; p=MIGfMA0GCSqGSIb3DQEBAQUAA4GNADCBiQKBgQCzJSZGiRfdJXWTpOLbbTkQQHqYIVxx1SjM+3KiINhVuyHHA8xGhSK3tNadkyHCT4WvelzXrWxz02XNuL02lX/q8KuP+J8YyEHQPxIpy9c+z+aBfqIZNwchjubkozljXlOFvnzFlaz0pEGdQ9NTh/yqSP7drnafoYY4PtVTXq5cNwIDAQAB"
ostrowiec.zhp.pl, zhp.pl, NS, 3600, dns1.onecik.pl, dns2.onecik.pl
kielcemiasto.zhp.pl, zhp.pl, NS, 3600, ns1.atthost.pl, ns2.atthost.pl
stronanidzica.zhp.pl, zhp.pl, NS, 3600, ns1.atthost.pl, ns2.atthost.pl
autodiscover.stoleczna.zhp.pl, zhp.pl, CNAME, 3600, autodiscover.outlook.com
_sipfederationtls._tcp.stoleczna.zhp.pl, zhp.pl, SRV, 3600, 100 1 5061 sipfed.online.lync.com
msoid.stoleczna.zhp.pl, zhp.pl, CNAME, 3600, clientconfig.microsoftonline-p.net
enterpriseenrollment.stoleczna.zhp.pl, zhp.pl, CNAME, 3600, enterpriseenrollment.manage.microsoft.com
lyncdiscover.stoleczna.zhp.pl, zhp.pl, CNAME, 3600, webdir.online.lync.com
enterpriseregistration.stoleczna.zhp.pl, zhp.pl, CNAME, 3600, enterpriseregistration.windows.net
sip.stoleczna.zhp.pl, zhp.pl, CNAME, 3600, sipdir.online.lync.com
ns1.worker.zhp.pl, zhp.pl, A, 3600, 46.101.240.55
ns2.worker.zhp.pl, zhp.pl, A, 3600, 46.101.240.55
poczta.worker.zhp.pl, zhp.pl, A, 3600, 46.101.240.55
lublin.zhp.pl, zhp.pl, TXT, 3600, "v=spf1 include:spf.protection.outlook.com -all"
otwock.zhp.pl, zhp.pl, TXT, 3600, "v=spf1 include:spf.protection.outlook.com -all"
czuwaj2.zhp.pl, zhp.pl, NS, 3600, ns1.atthost.pl, ns2.atthost.pl
_sip._tls.celestynow.zhp.pl, zhp.pl, SRV, 3600, 100 1 443 sipdir.online.lync.com
_sipfederationtls._tcp.celestynow.zhp.pl, zhp.pl, SRV, 3600, 100 1 5061 sipfed.online.lync.com
mazowiecka.zhp.pl, zhp.pl, TXT, 3600, "v=spf1 include:spf.protection.outlook.com -all"
autodiscover.mazowiecka.zhp.pl, zhp.pl, CNAME, 3600, autodiscover.outlook.com
msoid.mazowiecka.zhp.pl, zhp.pl, CNAME, 3600, clientconfig.microsoftonline-p.net
enterpriseenrollment.mazowiecka.zhp.pl, zhp.pl, CNAME, 3600, enterpriseenrollment.manage.microsoft.com
enterpriseregistration.mazowiecka.zhp.pl, zhp.pl, CNAME, 3600, enterpriseregistration.windows.net
sip.mazowiecka.zhp.pl, zhp.pl, CNAME, 3600, sipdir.online.lync.com
lyncdiscover.mazowiecka.zhp.pl, zhp.pl, CNAME, 3600, webdir.online.lync.com
celestynow.zhp.pl, zhp.pl, TXT, 3600, "v=spf1 include:spf.protection.outlook.com -all"
_sip._tls.mazowiecka.zhp.pl, zhp.pl, SRV, 3600, 100 1 443 sipdir.online.lync.com
_sipfederationtls._tcp.mazowiecka.zhp.pl, zhp.pl, SRV, 3600, 100 1 5061 sipfed.online.lync.com
enterpriseenrollment.celestynow.zhp.pl, zhp.pl, CNAME, 3600, enterpriseenrollment.manage.microsoft.com
enterpriseregistration.celestynow.zhp.pl, zhp.pl, CNAME, 3600, enterpriseregistration.windows.net
msoid.celestynow.zhp.pl, zhp.pl, CNAME, 3600, clientconfig.microsoftonline-p.net
lyncdiscover.celestynow.zhp.pl, zhp.pl, CNAME, 3600, webdir.online.lync.com
sip.celestynow.zhp.pl, zhp.pl, CNAME, 3600, sipdir.online.lync.com
autodiscover.celestynow.zhp.pl, zhp.pl, CNAME, 3600, autodiscover.outlook.com
celestynow.zhp.pl, zhp.pl, MX, 3600, 0 celestynow-zhp-pl.mail.protection.outlook.com
zielonka.zhp.pl, zhp.pl, TXT, 3600, "v=spf1 include:spf.protection.outlook.com -all"
blonie.zhp.pl, zhp.pl, MX, 3600, 0 blonie-zhp-pl.mail.protection.outlook.com
blonie.zhp.pl, zhp.pl, TXT, 3600, "v=spf1 include:spf.protection.outlook.com -all"
garwolin.zhp.pl, zhp.pl, TXT, 3600, "v=spf1 include:spf.protection.outlook.com -all"
grodziskmazowiecki.zhp.pl, zhp.pl, MX, 3600, 0 grodziskmazowiecki-zhp-pl.mail.protection.outlook.com
grodziskmazowiecki.zhp.pl, zhp.pl, TXT, 3600, "v=spf1 include:spf.protection.outlook.com -all"
milanowek.zhp.pl, zhp.pl, MX, 3600, 0 milanowek-zhp-pl.mail.protection.outlook.com
milanowek.zhp.pl, zhp.pl, TXT, 3600, "v=spf1 include:spf.protection.outlook.com -all"
nowydwormazowiecki.zhp.pl, zhp.pl, TXT, 3600, "v=spf1 include:spf.protection.outlook.com -all"
pragapolnoc.zhp.pl, zhp.pl, MX, 3600, 0 pragapolnoc-zhp-pl.mail.protection.outlook.com
tluszcz.zhp.pl, zhp.pl, MX, 3600, 0 tluszcz-zhp-pl.mail.protection.outlook.com
tluszcz.zhp.pl, zhp.pl, TXT, 3600, "v=spf1 include:spf.protection.outlook.com -all"
wola.zhp.pl, zhp.pl, MX, 3600, 0 wola-zhp-pl.mail.protection.outlook.com
wola.zhp.pl, zhp.pl, TXT, 3600, "v=spf1 include:spf.protection.outlook.com -all"
wolomin.zhp.pl, zhp.pl, TXT, 3600, "v=spf1 include:spf.protection.outlook.com -all"
sip.plock.zhp.pl, zhp.pl, CNAME, 3600, sipdir.online.lync.com
folusz.zhp.pl, zhp.pl, NS, 3600, ns1.atthost.pl, ns2.atthost.pl
przysucha.zhp.pl, zhp.pl, MX, 3600, 0 przysucha-zhp-pl.mail.protection.outlook.com
przysucha.zhp.pl, zhp.pl, TXT, 3600, "v=spf1 include:spf.protection.outlook.com -all"
_sip._tls.przysucha.zhp.pl, zhp.pl, SRV, 3600, 100 1 443 sipdir.online.lync.com
_sipfederationtls._tcp.przysucha.zhp.pl, zhp.pl, SRV, 3600, 100 1 5061 sipfed.online.lync.com
autodiscover.przysucha.zhp.pl, zhp.pl, CNAME, 3600, autodiscover.outlook.com
msoid.przysucha.zhp.pl, zhp.pl, CNAME, 3600, clientconfig.microsoftonline-p.net
enterpriseenrollment.przysucha.zhp.pl, zhp.pl, CNAME, 3600, enterpriseenrollment.manage.microsoft.com
enterpriseregistration.przysucha.zhp.pl, zhp.pl, CNAME, 3600, enterpriseregistration.windows.net
sip.przysucha.zhp.pl, zhp.pl, CNAME, 3600, sipdir.online.lync.com
lyncdiscover.przysucha.zhp.pl, zhp.pl, CNAME, 3600, webdir.online.lync.com
autodiscover.blonie.zhp.pl, zhp.pl, CNAME, 3600, autodiscover.outlook.com
msoid.blonie.zhp.pl, zhp.pl, CNAME, 3600, clientconfig.microsoftonline-p.net
enterpriseenrollment.blonie.zhp.pl, zhp.pl, CNAME, 3600, enterpriseenrollment.manage.microsoft.com
enterpriseregistration.blonie.zhp.pl, zhp.pl, CNAME, 3600, enterpriseregistration.windows.net
sip.blonie.zhp.pl, zhp.pl, CNAME, 3600, sipdir.online.lync.com
lyncdiscover.blonie.zhp.pl, zhp.pl, CNAME, 3600, webdir.online.lync.com
_sip._tls.blonie.zhp.pl, zhp.pl, SRV, 3600, 100 1 443 sipdir.online.lync.com
_sipfederationtls._tcp.blonie.zhp.pl, zhp.pl, SRV, 3600, 100 1 5061 sipfed.online.lync.com
zabki.zhp.pl, zhp.pl, MX, 3600, 0 zabki-zhp-pl.mail.protection.outlook.com
zabki.zhp.pl, zhp.pl, TXT, 3600, "v=spf1 include:spf.protection.outlook.com -all"
autodiscover.zabki.zhp.pl, zhp.pl, CNAME, 3600, autodiscover.outlook.com
sip.zabki.zhp.pl, zhp.pl, CNAME, 3600, sipdir.online.lync.com
lyncdiscover.zabki.zhp.pl, zhp.pl, CNAME, 3600, webdir.online.lync.com
enterpriseregistration.zabki.zhp.pl, zhp.pl, CNAME, 3600, enterpriseregistration.windows.net
msoid.zabki.zhp.pl, zhp.pl, CNAME, 3600, clientconfig.microsoftonline-p.net
enterpriseenrollment.zabki.zhp.pl, zhp.pl, CNAME, 3600, enterpriseenrollment.manage.microsoft.com
_sipfederationtls._tcp.zabki.zhp.pl, zhp.pl, SRV, 3600, 100 1 5061 sipfed.online.lync.com
_sip._tls.zabki.zhp.pl, zhp.pl, SRV, 3600, 100 1 443 sipdir.online.lync.com
swinoujscie.zhp.pl, zhp.pl, TXT, 3600, "v=spf1 include:spf.protection.outlook.com -all"
szczecinek.zhp.pl, zhp.pl, TXT, 3600, "v=spf1 include:spf.protection.outlook.com -all"
mysliborz.zhp.pl, zhp.pl, TXT, 3600, "v=spf1 include:spf.protection.outlook.com -all"
zoliborz.zhp.pl, zhp.pl, MX, 3600, 0 zoliborz-zhp-pl.mail.protection.outlook.com
zoliborz.zhp.pl, zhp.pl, TXT, 3600, "v=spf1 include:spf.protection.outlook.com -all"
_sipfederationtls._tcp.zoliborz.zhp.pl, zhp.pl, SRV, 3600, 100 1 5061 sipfed.online.lync.com
_sip._tls.zoliborz.zhp.pl, zhp.pl, SRV, 3600, 100 1 443 sipdir.online.lync.com
sip.zoliborz.zhp.pl, zhp.pl, CNAME, 3600, sipdir.online.lync.com
lyncdiscover.zoliborz.zhp.pl, zhp.pl, CNAME, 3600, webdir.online.lync.com
autodiscover.zoliborz.zhp.pl, zhp.pl, CNAME, 3600, autodiscover.outlook.com
msoid.zoliborz.zhp.pl, zhp.pl, CNAME, 3600, clientconfig.microsoftonline-p.net
enterpriseregistration.zoliborz.zhp.pl, zhp.pl, CNAME, 3600, enterpriseregistration.windows.net
enterpriseenrollment.zoliborz.zhp.pl, zhp.pl, CNAME, 3600, enterpriseenrollment.manage.microsoft.com
autodiscover.grodziskmazowiecki.zhp.pl, zhp.pl, CNAME, 3600, autodiscover.outlook.com
msoid.grodziskmazowiecki.zhp.pl, zhp.pl, CNAME, 3600, clientconfig.microsoftonline-p.net
enterpriseenrollment.grodziskmazowiecki.zhp.pl, zhp.pl, CNAME, 3600, enterpriseenrollment.manage.microsoft.com
enterpriseregistration.grodziskmazowiecki.zhp.pl, zhp.pl, CNAME, 3600, enterpriseregistration.windows.net
sip.grodziskmazowiecki.zhp.pl, zhp.pl, CNAME, 3600, sipdir.online.lync.com
lyncdiscover.grodziskmazowiecki.zhp.pl, zhp.pl, CNAME, 3600, webdir.online.lync.com
_sip._tls.grodziskmazowiecki.zhp.pl, zhp.pl, SRV, 3600, 100 1 443 sipdir.online.lync.com
_sipfederationtls._tcp.grodziskmazowiecki.zhp.pl, zhp.pl, SRV, 3600, 100 1 5061 sipfed.online.lync.com
autodiscover.milanowek.zhp.pl, zhp.pl, CNAME, 3600, autodiscover.outlook.com
msoid.milanowek.zhp.pl, zhp.pl, CNAME, 3600, clientconfig.microsoftonline-p.net
enterpriseenrollment.milanowek.zhp.pl, zhp.pl, CNAME, 3600, enterpriseenrollment.manage.microsoft.com
enterpriseregistration.milanowek.zhp.pl, zhp.pl, CNAME, 3600, enterpriseregistration.windows.net
sip.milanowek.zhp.pl, zhp.pl, CNAME, 3600, sipdir.online.lync.com
lyncdiscover.milanowek.zhp.pl, zhp.pl, CNAME, 3600, webdir.online.lync.com
_sip._tls.milanowek.zhp.pl, zhp.pl, SRV, 3600, 100 1 443 sipdir.online.lync.com
_sipfederationtls._tcp.milanowek.zhp.pl, zhp.pl, SRV, 3600, 100 1 5061 sipfed.online.lync.com
piastow.zhp.pl, zhp.pl, MX, 3600, 0 piastow-zhp-pl.mail.protection.outlook.com
autodiscover.piastow.zhp.pl, zhp.pl, CNAME, 3600, autodiscover.outlook.com
msoid.piastow.zhp.pl, zhp.pl, CNAME, 3600, clientconfig.microsoftonline-p.net
enterpriseenrollment.piastow.zhp.pl, zhp.pl, CNAME, 3600, enterpriseenrollment.manage.microsoft.com
enterpriseregistration.piastow.zhp.pl, zhp.pl, CNAME, 3600, enterpriseregistration.windows.net
sip.piastow.zhp.pl, zhp.pl, CNAME, 3600, sipdir.online.lync.com
lyncdiscover.piastow.zhp.pl, zhp.pl, CNAME, 3600, webdir.online.lync.com
piastow.zhp.pl, zhp.pl, TXT, 3600, "v=spf1 include:spf.protection.outlook.com -all"
_sip._tls.piastow.zhp.pl, zhp.pl, SRV, 3600, 100 1 443 sipdir.online.lync.com
_sipfederationtls._tcp.piastow.zhp.pl, zhp.pl, SRV, 3600, 100 1 5061 sipfed.online.lync.com
autodiscover.plock.zhp.pl, zhp.pl, CNAME, 3600, autodiscover.outlook.com
msoid.plock.zhp.pl, zhp.pl, CNAME, 3600, clientconfig.microsoftonline-p.net
enterpriseenrollment.plock.zhp.pl, zhp.pl, CNAME, 3600, enterpriseenrollment.manage.microsoft.com
enterpriseregistration.plock.zhp.pl, zhp.pl, CNAME, 3600, enterpriseregistration.windows.net
lyncdiscover.plock.zhp.pl, zhp.pl, CNAME, 3600, webdir.online.lync.com
_sip._tls.plock.zhp.pl, zhp.pl, SRV, 3600, 100 1 443 sipdir.online.lync.com
_sipfederationtls._tcp.plock.zhp.pl, zhp.pl, SRV, 3600, 100 1 5061 sipfed.online.lync.com
pragapolnoc.zhp.pl, zhp.pl, TXT, 3600, "v=spf1 include:spf.protection.outlook.com -all"
autodiscover.pragapolnoc.zhp.pl, zhp.pl, CNAME, 3600, autodiscover.outlook.com
msoid.pragapolnoc.zhp.pl, zhp.pl, CNAME, 3600, clientconfig.microsoftonline-p.net
enterpriseenrollment.pragapolnoc.zhp.pl, zhp.pl, CNAME, 3600, enterpriseenrollment.manage.microsoft.com
enterpriseregistration.pragapolnoc.zhp.pl, zhp.pl, CNAME, 3600, enterpriseregistration.windows.net
sip.pragapolnoc.zhp.pl, zhp.pl, CNAME, 3600, sipdir.online.lync.com
lyncdiscover.pragapolnoc.zhp.pl, zhp.pl, CNAME, 3600, webdir.online.lync.com
_sip._tls.pragapolnoc.zhp.pl, zhp.pl, SRV, 3600, 100 1 443 sipdir.online.lync.com
_sipfederationtls._tcp.pragapolnoc.zhp.pl, zhp.pl, SRV, 3600, 100 1 5061 sipfed.online.lync.com
sulejowek.zhp.pl, zhp.pl, MX, 3600, 0 sulejowek-zhp-pl.mail.protection.outlook.com
sulejowek.zhp.pl, zhp.pl, TXT, 3600, "v=spf1 include:spf.protection.outlook.com -all"
autodiscover.sulejowek.zhp.pl, zhp.pl, CNAME, 3600, autodiscover.outlook.com
msoid.sulejowek.zhp.pl, zhp.pl, CNAME, 3600, clientconfig.microsoftonline-p.net
enterpriseenrollment.sulejowek.zhp.pl, zhp.pl, CNAME, 3600, enterpriseenrollment.manage.microsoft.com
enterpriseregistration.sulejowek.zhp.pl, zhp.pl, CNAME, 3600, enterpriseregistration.windows.net
sip.sulejowek.zhp.pl, zhp.pl, CNAME, 3600, sipdir.online.lync.com
lyncdiscover.sulejowek.zhp.pl, zhp.pl, CNAME, 3600, webdir.online.lync.com
_sip._tls.sulejowek.zhp.pl, zhp.pl, SRV, 3600, 100 1 443 sipdir.online.lync.com
_sipfederationtls._tcp.sulejowek.zhp.pl, zhp.pl, SRV, 3600, 100 1 5061 sipfed.online.lync.com
autodiscover.tluszcz.zhp.pl, zhp.pl, CNAME, 3600, autodiscover.outlook.com
msoid.tluszcz.zhp.pl, zhp.pl, CNAME, 3600, clientconfig.microsoftonline-p.net
enterpriseenrollment.tluszcz.zhp.pl, zhp.pl, CNAME, 3600, enterpriseenrollment.manage.microsoft.com
enterpriseregistration.tluszcz.zhp.pl, zhp.pl, CNAME, 3600, enterpriseregistration.windows.net
sip.tluszcz.zhp.pl, zhp.pl, CNAME, 3600, sipdir.online.lync.com
lyncdiscover.tluszcz.zhp.pl, zhp.pl, CNAME, 3600, webdir.online.lync.com
_sip._tls.tluszcz.zhp.pl, zhp.pl, SRV, 3600, 100 1 443 sipdir.online.lync.com
_sipfederationtls._tcp.tluszcz.zhp.pl, zhp.pl, SRV, 3600, 100 1 5061 sipfed.online.lync.com
warszawacentrum.zhp.pl, zhp.pl, MX, 3600, 0 warszawacentrum-zhp-pl.mail.protection.outlook.com
warszawacentrum.zhp.pl, zhp.pl, TXT, 3600, "v=spf1 include:spf.protection.outlook.com -all"
autodiscover.warszawacentrum.zhp.pl, zhp.pl, CNAME, 3600, autodiscover.outlook.com
msoid.warszawacentrum.zhp.pl, zhp.pl, CNAME, 3600, clientconfig.microsoftonline-p.net
enterpriseenrollment.warszawacentrum.zhp.pl, zhp.pl, CNAME, 3600, enterpriseenrollment.manage.microsoft.com
enterpriseregistration.warszawacentrum.zhp.pl, zhp.pl, CNAME, 3600, enterpriseregistration.windows.net
sip.warszawacentrum.zhp.pl, zhp.pl, CNAME, 3600, sipdir.online.lync.com
lyncdiscover.warszawacentrum.zhp.pl, zhp.pl, CNAME, 3600, webdir.online.lync.com
_sip._tls.warszawacentrum.zhp.pl, zhp.pl, SRV, 3600, 100 1 443 sipdir.online.lync.com
_sipfederationtls._tcp.warszawacentrum.zhp.pl, zhp.pl, SRV, 3600, 100 1 5061 sipfed.online.lync.com
warszawaursynow.zhp.pl, zhp.pl, TXT, 3600, "v=spf1 include:spf.protection.outlook.com -all"
warszawaursynow.zhp.pl, zhp.pl, MX, 3600, 0 warszawaursynow-zhp-pl.mail.protection.outlook.com
autodiscover.warszawaursynow.zhp.pl, zhp.pl, CNAME, 3600, autodiscover.outlook.com
msoid.warszawaursynow.zhp.pl, zhp.pl, CNAME, 3600, clientconfig.microsoftonline-p.net
enterpriseenrollment.warszawaursynow.zhp.pl, zhp.pl, CNAME, 3600, enterpriseenrollment.manage.microsoft.com
enterpriseregistration.warszawaursynow.zhp.pl, zhp.pl, CNAME, 3600, enterpriseregistration.windows.net
sip.warszawaursynow.zhp.pl, zhp.pl, CNAME, 3600, sipdir.online.lync.com
lyncdiscover.warszawaursynow.zhp.pl, zhp.pl, TXT, 3600, "webdir.online.lync.com"
_sip._tls.warszawaursynow.zhp.pl, zhp.pl, SRV, 3600, 100 1 443 sipdir.online.lync.com
_sipfederationtls._tcp.warszawaursynow.zhp.pl, zhp.pl, SRV, 3600, 100 1 5061 sipfed.online.lync.com
warszawazoliborz.zhp.pl, zhp.pl, MX, 3600, 0 warszawazoliborz-zhp-pl.mail.protection.outlook.com
warszawazoliborz.zhp.pl, zhp.pl, TXT, 3600, "v=spf1 include:spf.protection.outlook.com -all"
_sip._tls.warszawazoliborz.zhp.pl, zhp.pl, SRV, 3600, 100 1 443 sipdir.online.lync.com
_sipfederationtls._tcp.warszawazoliborz.zhp.pl, zhp.pl, SRV, 3600, 100 1 5061 sipfed.online.lync.com
autodiscover.warszawazoliborz.zhp.pl, zhp.pl, CNAME, 3600, autodiscover.outlook.com
msoid.warszawazoliborz.zhp.pl, zhp.pl, CNAME, 3600, clientconfig.microsoftonline-p.net
enterpriseenrollment.warszawazoliborz.zhp.pl, zhp.pl, CNAME, 3600, enterpriseenrollment.manage.microsoft.com
enterpriseregistration.warszawazoliborz.zhp.pl, zhp.pl, CNAME, 3600, enterpriseregistration.windows.net
sip.warszawazoliborz.zhp.pl, zhp.pl, CNAME, 3600, sipdir.online.lync.com
lyncdiscover.warszawazoliborz.zhp.pl, zhp.pl, CNAME, 3600, webdir.online.lync.com
autodiscover.wawer.zhp.pl, zhp.pl, CNAME, 3600, autodiscover.outlook.com
msoid.wawer.zhp.pl, zhp.pl, CNAME, 3600, clientconfig.microsoftonline-p.net
enterpriseenrollment.wawer.zhp.pl, zhp.pl, CNAME, 3600, enterpriseenrollment.manage.microsoft.com
enterpriseregistration.wawer.zhp.pl, zhp.pl, CNAME, 3600, enterpriseregistration.windows.net
sip.wawer.zhp.pl, zhp.pl, CNAME, 3600, sipdir.online.lync.com
lyncdiscover.wawer.zhp.pl, zhp.pl, CNAME, 3600, webdir.online.lync.com
_sip._tls.wawer.zhp.pl, zhp.pl, SRV, 3600, 100 1 443 sipdir.online.lync.com
_sipfederationtls._tcp.wawer.zhp.pl, zhp.pl, SRV, 3600, 100 1 5061 sipfed.online.lync.com
autodiscover.wola.zhp.pl, zhp.pl, CNAME, 3600, autodiscover.outlook.com
msoid.wola.zhp.pl, zhp.pl, CNAME, 3600, clientconfig.microsoftonline-p.net
enterpriseenrollment.wola.zhp.pl, zhp.pl, CNAME, 3600, enterpriseenrollment.manage.microsoft.com
enterpriseregistration.wola.zhp.pl, zhp.pl, CNAME, 3600, enterpriseregistration.windows.net
sip.wola.zhp.pl, zhp.pl, CNAME, 3600, sipdir.online.lync.com
lyncdiscover.wola.zhp.pl, zhp.pl, CNAME, 3600, webdir.online.lync.com
_sip._tls.wola.zhp.pl, zhp.pl, SRV, 3600, 100 1 443 sipdir.online.lync.com
_sipfederationtls._tcp.wola.zhp.pl, zhp.pl, SRV, 3600, 100 1 5061 sipfed.online.lync.com
autodiscover.wolomin.zhp.pl, zhp.pl, CNAME, 3600, autodiscover.outlook.com
msoid.wolomin.zhp.pl, zhp.pl, CNAME, 3600, clientconfig.microsoftonline-p.net
enterpriseenrollment.wolomin.zhp.pl, zhp.pl, CNAME, 3600, enterpriseenrollment.manage.microsoft.com
enterpriseregistration.wolomin.zhp.pl, zhp.pl, CNAME, 3600, enterpriseregistration.windows.net
sip.wolomin.zhp.pl, zhp.pl, CNAME, 3600, sipdir.online.lync.com
lyncdiscover.wolomin.zhp.pl, zhp.pl, CNAME, 3600, webdir.online.lync.com
_sip._tls.wolomin.zhp.pl, zhp.pl, SRV, 3600, 100 1 443 sipdir.online.lync.com
_sipfederationtls._tcp.wolomin.zhp.pl, zhp.pl, SRV, 3600, 100 1 5061 sipfed.online.lync.com
kutno.zhp.pl, zhp.pl, NS, 3600, dns1.mydevil.net, dns2.mydevil.net
stargard.zhp.pl, zhp.pl, MX, 3600, 0 stargard-zhp-pl.mail.protection.outlook.com
stargard.zhp.pl, zhp.pl, TXT, 3600, "v=spf1 include:spf.protection.outlook.com -a"
autodiscover.stargard.zhp.pl, zhp.pl, CNAME, 3600, autodiscover.outlook.com
sip.stargard.zhp.pl, zhp.pl, CNAME, 3600, sipdir.online.lync.com
lyncdiscover.stargard.zhp.pl, zhp.pl, CNAME, 3600, webdir.online.lync.com
msoid.stargard.zhp.pl, zhp.pl, CNAME, 3600, clientconfig.microsoftonline-p.net
enterpriseregistration.stargard.zhp.pl, zhp.pl, CNAME, 3600, enterpriseregistration.windows.net
enterpriseenrollment.stargard.zhp.pl, zhp.pl, CNAME, 3600, enterpriseenrollment.manage.microsoft.com
_sip._tls.stargard.zhp.pl, zhp.pl, SRV, 3600, 100 1 443 sipdir.online.lync.com
_sipfederationtls._tcp.stargard.zhp.pl, zhp.pl, SRV, 3600, 100 1 5061 sipfed.online.lync.com
szczecin.zhp.pl, zhp.pl, TXT, 3600, "v=spf1 include:spf.protection.outlook.com -all"
exkursion.zhp.pl, zhp.pl, NS, 3600, ns12.linuxpl.com, dns12.linuxpl.com
szczecindabie.zhp.pl, zhp.pl, TXT, 3600, "v=spf1 include:spf.protection.outlook.com -all"
koszalin.zhp.pl, zhp.pl, TXT, 3600, "v=spf1 include:spf.protection.outlook.com -all"
czechowice-dziedzice.zhp.pl, zhp.pl, MX, 3600, 0 czechowicedziedzice-zhp-pl02e.mail.protection.outlook.com
lubliniec.zhp.pl, zhp.pl, MX, 3600, 0 lubliniec-zhp-pl.mail.protection.outlook.com
zywiec.zhp.pl, zhp.pl, TXT, 3600, "v=spf1 include:spf.protection.outlook.com -all"
zabrze.zhp.pl, zhp.pl, TXT, 3600, "v=spf1 include:spf.protection.outlook.com -all"
zory.zhp.pl, zhp.pl, TXT, 3600, "v=spf1 include:spf.protection.outlook.com -all"
zawiercie.zhp.pl, zhp.pl, TXT, 3600, "v=spf1 include:spf.protection.outlook.com -all"
wodzislaw.zhp.pl, zhp.pl, TXT, 3600, "v=spf1 include:spf.protection.outlook.com -all"
wegierskagorka.zhp.pl, zhp.pl, TXT, 3600, "v=spf1 include:spf.protection.outlook.com -all"
tychy.zhp.pl, zhp.pl, TXT, 3600, "v=spf1 include:spf.protection.outlook.com -all"
tarnowskiegory.zhp.pl, zhp.pl, TXT, 3600, "v=spf1 include:spf.protection.outlook.com -all"
sosnowiec.zhp.pl, zhp.pl, TXT, 3600, "v=spf1 include:spf.protection.outlook.com -all"
siemianowice.zhp.pl, zhp.pl, TXT, 3600, "v=spf1 include:spf.protection.outlook.com -all"
rydultowy.zhp.pl, zhp.pl, TXT, 3600, "v=spf1 include:spf.protection.outlook.com -all"
rybnik.zhp.pl, zhp.pl, TXT, 3600, "v=spf1 include:spf.protection.outlook.com -all"
myszkow.zhp.pl, zhp.pl, TXT, 3600, "v=spf1 include:spf.protection.outlook.com -all"
myslowice.zhp.pl, zhp.pl, TXT, 3600, "v=spf1 include:spf.protection.outlook.com -all"
mikolow.zhp.pl, zhp.pl, TXT, 3600, "v=spf1 include:spf.protection.outlook.com -all"
lubliniec.zhp.pl, zhp.pl, TXT, 3600, "v=spf1 include:spf.protection.outlook.com -all"
autodiscover.lubliniec.zhp.pl, zhp.pl, CNAME, 3600, autodiscover.outlook.com
msoid.lubliniec.zhp.pl, zhp.pl, CNAME, 3600, clientconfig.microsoftonline-p.net
enterpriseenrollment.lubliniec.zhp.pl, zhp.pl, CNAME, 3600, enterpriseenrollment.manage.microsoft.com
enterpriseregistration.lubliniec.zhp.pl, zhp.pl, CNAME, 3600, enterpriseregistration.windows.net
sip.lubliniec.zhp.pl, zhp.pl, CNAME, 3600, sipdir.online.lync.com
lyncdiscover.lubliniec.zhp.pl, zhp.pl, CNAME, 3600, webdir.online.lync.com
_sip._tls.lubliniec.zhp.pl, zhp.pl, SRV, 3600, 100 1 443 sipdir.online.lync.com
_sipfederationtls._tcp.lubliniec.zhp.pl, zhp.pl, SRV, 3600, 100 1 5061 sipfed.online.lync.com
kuzniaraciborska.zhp.pl, zhp.pl, TXT, 3600, "v=spf1 include:spf.protection.outlook.com -all"
klobuck.zhp.pl, zhp.pl, TXT, 3600, "v=spf1 include:spf.protection.outlook.com -all"
jaworzno.zhp.pl, zhp.pl, TXT, 3600, "v=spf1 include:spf.protection.outlook.com -all"
slaska.zhp.pl, zhp.pl, TXT, 3600, "v=spf1 include:spf.protection.outlook.com -all"
jastrzebiezdroj.zhp.pl, zhp.pl, TXT, 3600, "v=spf1 include:spf.protection.outlook.com -all"
gliwice.zhp.pl, zhp.pl, TXT, 3600, v=spf1 include:spf.protection.outlook.com -all
dabrowagornicza.zhp.pl, zhp.pl, TXT, 3600, "v=spf1 include:spf.protection.outlook.com -all"
czerwionka.zhp.pl, zhp.pl, TXT, 3600, "v=spf1 include:spf.protection.outlook.com -all"
czechowice-dziedzice.zhp.pl, zhp.pl, TXT, 3600, "v=spf1 include:spf.protection.outlook.com -all"
autodiscover.czechowice-dziedzice.zhp.pl, zhp.pl, CNAME, 3600, autodiscover.outlook.com
msoid.czechowice-dziedzice.zhp.pl, zhp.pl, CNAME, 3600, clientconfig.microsoftonline-p.net
enterpriseenrollment.czechowice-dziedzice.zhp.pl, zhp.pl, CNAME, 3600, enterpriseenrollment.manage.microsoft.com
enterpriseregistration.czechowice-dziedzice.zhp.pl, zhp.pl, CNAME, 3600, enterpriseregistration.windows.net
sip.czechowice-dziedzice.zhp.pl, zhp.pl, CNAME, 3600, sipdir.online.lync.com
lyncdiscover.czechowice-dziedzice.zhp.pl, zhp.pl, CNAME, 3600, webdir.online.lync.com
_sip._tls.czechowice-dziedzice.zhp.pl, zhp.pl, SRV, 3600, 100 1 443 sipdir.online.lync.com
_sipfederationtls._tcp.czechowice-dziedzice.zhp.pl, zhp.pl, SRV, 3600, 100 1 5061 sipfed.online.lync.com
chrzanow.zhp.pl, zhp.pl, TXT, 3600, "v=spf1 include:spf.protection.outlook.com -all"
bytom.zhp.pl, zhp.pl, TXT, 3600, "v=spf1 include:spf.protection.outlook.com -all"
beskidzki.zhp.pl, zhp.pl, TXT, 3600, "v=spf1 include:spf.protection.outlook.com -all"
bedzin.zhp.pl, zhp.pl, TXT, 3600, "v=spf1 include:spf.protection.outlook.com -all"
centrum.zhp.pl, zhp.pl, MX, 3600, 0 centrum-zhp-pl.mail.protection.outlook.com
centrum.zhp.pl, zhp.pl, TXT, 3600, "v=spf1 include:spf.protection.outlook.com -all"
ursynow.zhp.pl, zhp.pl, MX, 3600, 0 ursynow-zhp-pl.mail.protection.outlook.com
ursynow.zhp.pl, zhp.pl, TXT, 3600, "v=spf1 include:spf.protection.outlook.com -all"
autodiscover.ursynow.zhp.pl, zhp.pl, CNAME, 3600, autodiscover.outlook.com
msoid.ursynow.zhp.pl, zhp.pl, CNAME, 3600, clientconfig.microsoftonline-p.net
enterpriseenrollment.ursynow.zhp.pl, zhp.pl, CNAME, 3600, enterpriseenrollment.manage.microsoft.com
enterpriseregistration.ursynow.zhp.pl, zhp.pl, CNAME, 3600, enterpriseregistration.windows.net
lyncdiscover.ursynow.zhp.pl, zhp.pl, CNAME, 3600, webdir.online.lync.com
sip.ursynow.zhp.pl, zhp.pl, CNAME, 3600, sipdir.online.lync.com
_sip._tls.ursynow.zhp.pl, zhp.pl, SRV, 3600, 100 1 443 sipdir.online.lync.com
_sipfederationtls._tcp.ursynow.zhp.pl, zhp.pl, SRV, 3600, 100 1 5061 sipfed.online.lync.com
autodiscover.centrum.zhp.pl, zhp.pl, CNAME, 3600, autodiscover.outlook.com
msoid.centrum.zhp.pl, zhp.pl, CNAME, 3600, clientconfig.microsoftonline-p.net
enterpriseenrollment.centrum.zhp.pl, zhp.pl, CNAME, 3600, enterpriseenrollment.manage.microsoft.com
enterpriseregistration.centrum.zhp.pl, zhp.pl, CNAME, 3600, enterpriseregistration.windows.net
lyncdiscover.centrum.zhp.pl, zhp.pl, CNAME, 3600, webdir.online.lync.com
sip.centrum.zhp.pl, zhp.pl, CNAME, 3600, sipdir.online.lync.com
_sip._tls.centrum.zhp.pl, zhp.pl, SRV, 3600, 100 1 443 sipdir.online.lync.com
_sipfederationtls._tcp.centrum.zhp.pl, zhp.pl, SRV, 3600, 100 1 5061 sipfed.online.lync.com
stanica.mazowiecka.zhp.pl, zhp.pl, NS, 3600, ns1.atthost.pl, ns2.atthost.pl
zhpbaluty.zhp.pl, zhp.pl, A, 3600, 217.76.113.42
zary.zhp.pl, zhp.pl, TXT, 3600, "v=spf1 include:spf.protection.outlook.com -all"
zary.zhp.pl, zhp.pl, MX, 3600, 0 zary-zhp-pl.mail.protection.outlook.com
autodiscover.zary.zhp.pl, zhp.pl, CNAME, 3600, autodiscover.outlook.com
lyncdiscover.zary.zhp.pl, zhp.pl, CNAME, 3600, webdir.online.lync.com
msoid.zary.zhp.pl, zhp.pl, CNAME, 3600, clientconfig.microsoftonline-p.net
enterpriseenrollment.zary.zhp.pl, zhp.pl, CNAME, 3600, enterpriseenrollment.manage.microsoft.com
enterpriseregistration.zary.zhp.pl, zhp.pl, CNAME, 3600, enterpriseregistration.windows.net
sip.zary.zhp.pl, zhp.pl, CNAME, 3600, sipdir.online.lync.com
_sip._tls.zary.zhp.pl, zhp.pl, SRV, 3600, 100 1 443 sipdir.online.lync.com
_sipfederationtls._tcp.zary.zhp.pl, zhp.pl, SRV, 3600, 100 1 5061 sipfed.online.lync.com
ciechanow.zhp.pl, zhp.pl, NS, 3600, ns1.atthost.pl, ns2.atthost.pl
gostynin.zhp.pl, zhp.pl, NS, 3600, ns1.atthost.pl, ns2.atthost.pl
grojec.zhp.pl, zhp.pl, NS, 3600, ns1.atthost.pl, ns2.atthost.pl
lipsko.zhp.pl, zhp.pl, NS, 3600, ns1.atthost.pl, ns2.atthost.pl
mazowiecka.zhp.pl, zhp.pl, NS, 3600, ns1.atthost.pl, ns2.atthost.pl
mlawa.zhp.pl, zhp.pl, NS, 3600, ns1.atthost.pl, ns2.atthost.pl
mszczonow.zhp.pl, zhp.pl, NS, 3600, ns1.atthost.pl, ns2.atthost.pl
ostroleka.zhp.pl, zhp.pl, NS, 3600, ns1.atthost.pl, ns2.atthost.pl
przysucha.zhp.pl, zhp.pl, NS, 3600, ns1.atthost.pl, ns2.atthost.pl
sierpc.zhp.pl, zhp.pl, NS, 3600, ns1.atthost.pl, ns2.atthost.pl
wyszkow.zhp.pl, zhp.pl, NS, 3600, ns1.atthost.pl, ns2.atthost.pl
zuromin.zhp.pl, zhp.pl, NS, 3600, ns1.atthost.pl, ns2.atthost.pl
mazowiecka.zhp.pl, zhp.pl, MX, 3600, 0 mazowiecka-zhp-pl.mail.protection.outlook.com
nidzica2.zhp.pl, zhp.pl, NS, 3600, ns1.atthost.pl, ns2.atthost.pl
pomoc.zhp.pl, zhp.pl, A, 3600, 213.189.38.137
lubuska.zhp.pl, zhp.pl, TXT, 3600, "v=spf1 include:spf.protection.outlook.com -all"
lubuska.zhp.pl, zhp.pl, MX, 3600, 0 lubuska-zhp-pl.mail.protection.outlook.com
autodiscover.lubuska.zhp.pl, zhp.pl, CNAME, 3600, autodiscover.outlook.com
msoid.lubuska.zhp.pl, zhp.pl, CNAME, 3600, clientconfig.microsoftonline-p.net
enterpriseenrollment.lubuska.zhp.pl, zhp.pl, CNAME, 3600, enterpriseenrollment.manage.microsoft.com
enterpriseregistration.lubuska.zhp.pl, zhp.pl, CNAME, 3600, enterpriseregistration.windows.net
sip.lubuska.zhp.pl, zhp.pl, CNAME, 3600, sipdir.online.lync.com
lyncdiscover.lubuska.zhp.pl, zhp.pl, CNAME, 3600, webdir.online.lync.com
_sip._tls.lubuska.zhp.pl, zhp.pl, SRV, 3600, 100 1 443 sipdir.online.lync.com
_sipfederationtls._tcp.lubuska.zhp.pl, zhp.pl, SRV, 3600, 100 1 5061 sipfed.online.lync.com
portowa.zhp.pl, zhp.pl, CNAME, 3600, gdanskportowa.zhp.pl
www.wschowa.zhp.pl, zhp.pl, AAAA, 3600, 2001:41d0:1:1b00:87:98:239:3
www.wschowa.zhp.pl, zhp.pl, A, 3600, 87.98.239.3
wschowa.zhp.pl, zhp.pl, AAAA, 3600, 2001:41d0:1:1b00:87:98:239:3
wschowa.zhp.pl, zhp.pl, A, 3600, 87.98.239.3
wroclawwschod.zhp.pl, zhp.pl, NS, 3600, ns.lh.pl, ns2.lighthosting.net
ewroclaw.zhp.pl, zhp.pl, CNAME, 3600, ns2.atthost.pl
ryki.zhp.pl, zhp.pl, TXT, 3600, "v=spf1 include:spf.protection.outlook.com -all"
autodiscover.szczecinpogodno.zhp.pl, zhp.pl, CNAME, 3600, autodiscover.outlook.com
sip.szczecinpogodno.zhp.pl, zhp.pl, CNAME, 3600, sipdir.online.lync.com
lyncdiscover.szczecinpogodno.zhp.pl, zhp.pl, CNAME, 3600, webdir.online.lync.com
msoid.szczecinpogodno.zhp.pl, zhp.pl, CNAME, 3600, clientconfig.microsoftonline-p.net
enterpriseenrollment.szczecinpogodno.zhp.pl, zhp.pl, CNAME, 3600, enterpriseenrollment.manage.microsoft.com
enterpriseregistration.szczecinpogodno.zhp.pl, zhp.pl, CNAME, 3600, enterpriseregistration.windows.net
_sip._tls.szczecinpogodno.zhp.pl, zhp.pl, SRV, 3600, 100 1 443 sipdir.online.lync.com
_sipfederationtls._tcp.szczecinpogodno.zhp.pl, zhp.pl, SRV, 3600, 100 1 5061 sipfed.online.lync.com
wolomin.zhp.pl, zhp.pl, MX, 3600, 0 wolomin-zhp-pl.mail.protection.outlook.com
wolomin.zhp.pl, zhp.pl, NS, 3600, ns1.atthost.pl, ns2.atthost.pl
www.wrzawa.stoleczna.zhp.pl, zhp.pl, CNAME, 3600, wrzawa.stoleczna.zhp.pl
wrzawa.stoleczna.zhp.pl, zhp.pl, A, 3600, 46.229.151.194
stoleczna.zhp.pl, zhp.pl, NS, 3600, ns1.atthost.pl, ns2.atthost.pl
mailing.zhp.pl, zhp.pl, NS, 3600, redir1.freshmail.pl, redir2.freshmail.pl
dolnoslaska.zhp.pl, zhp.pl, MX, 3600, 0 dolnoslaska-zhp-pl.mail.protection.outlook.com
autodiscover.dolnoslaska.zhp.pl, zhp.pl, CNAME, 3600, autodiscover.outlook.com
sip.dolnoslaska.zhp.pl, zhp.pl, CNAME, 3600, sipdir.online.lync.com
lyncdiscover.dolnoslaska.zhp.pl, zhp.pl, CNAME, 3600, webdir.online.lync.com
msoid.dolnoslaska.zhp.pl, zhp.pl, CNAME, 3600, clientconfig.microsoftonline-p.net
enterpriseregistration.dolnoslaska.zhp.pl, zhp.pl, CNAME, 3600, enterpriseregistration.windows.net
enterpriseenrollment.dolnoslaska.zhp.pl, zhp.pl, CNAME, 3600, enterpriseenrollment.manage.microsoft.com
dolnoslaska.zhp.pl, zhp.pl, TXT, 3600, "v=spf1 include:spf.protection.outlook.com -all"
_sip._tls.dolnoslaska.zhp.pl, zhp.pl, SRV, 3600, 100 1 443 sipdir.online.lync.com
_sipfederationtls._tcp.dolnoslaska.zhp.pl, zhp.pl, SRV, 3600, 100 1 5061 sipfed.online.lync.com
radom.zhp.pl, zhp.pl, NS, 3600, ns1.atthost.pl, ns2.atthost.pl
karkonoski.zhp.pl, zhp.pl, NS, 3600, ns1.ehost.pl, ns2.ehost.pl
brzeziny.zhp.pl, zhp.pl, A, 3600, 212.191.78.183
zamosc.zhp.pl, zhp.pl, NS, 3600, ns1.atthost.pl, ns2.atthost.pl
stalowawola.zhp.pl, zhp.pl, NS, 3600, ns1.domena.pl, ns2.domena.pl
lancut.zhp.pl, zhp.pl, NS, 3600, ns1.kylos.pl, ns2.kylos.pl
www.poznangrunwald.zhp.pl, zhp.pl, CNAME, 3600, poznangrunwald.zhp.pl
rnz.zhp.pl, zhp.pl, NS, 3600, ns1.atthost.pl, ns2.atthost.pl
lodzka.zhp.pl, zhp.pl, TXT, 3600, "v=spf1 include:spf.protection.outlook.com -all"
dabrowa.zhp.pl, zhp.pl, NS, 3600, ns1.whshost.com, ns2.whshost.com
chorzow.zhp.pl, zhp.pl, TXT, 3600, "v=spf1 include:spf.protection.outlook.com -all"
autodiscover.lodzka.zhp.pl, zhp.pl, CNAME, 3600, autodiscover.outlook.com
sip.lodzka.zhp.pl, zhp.pl, CNAME, 3600, sipdir.online.lync.com
lyncdiscover.lodzka.zhp.pl, zhp.pl, CNAME, 3600, webdir.online.lync.com
msoid.lodzka.zhp.pl, zhp.pl, CNAME, 3600, clientconfig.microsoftonline-p.net
enterpriseregistration.lodzka.zhp.pl, zhp.pl, CNAME, 3600, enterpriseregistration.windows.net
enterpriseenrollment.lodzka.zhp.pl, zhp.pl, CNAME, 3600, enterpriseenrollment.manage.microsoft.com
_sip._tls.lodzka.zhp.pl, zhp.pl, SRV, 3600, 100 1 443 sipdir.online.lync.com
_sipfederationtls._tcp.lodzka.zhp.pl, zhp.pl, SRV, 3600, 100 1 5061 sipfed.online.lync.com
jpt.zhp.pl, zhp.pl, TXT, 3600, "v=spf1 include:spf.protection.outlook.com -all"
jpt.zhp.pl, zhp.pl, MX, 3600, 0 jpt-zhp-pl.mail.protection.outlook.com
autodiscover.jpt.zhp.pl, zhp.pl, CNAME, 3600, autodiscover.outlook.com
sip.jpt.zhp.pl, zhp.pl, CNAME, 3600, sipdir.online.lync.com
lyncdiscover.jpt.zhp.pl, zhp.pl, CNAME, 3600, webdir.online.lync.com
msoid.jpt.zhp.pl, zhp.pl, CNAME, 3600, clientconfig.microsoftonline-p.net
enterpriseregistration.jpt.zhp.pl, zhp.pl, CNAME, 3600, enterpriseregistration.windows.net
enterpriseenrollment.jpt.zhp.pl, zhp.pl, CNAME, 3600, enterpriseenrollment.manage.microsoft.com
_sipfederationtls._tcp.jpt.zhp.pl, zhp.pl, SRV, 3600, 100 1 5061 sipfed.online.lync.com
e-aos.zhp.pl, zhp.pl, NS, 3600, ns1.atthost.pl, ns2.atthost.pl
jedrzejow.zhp.pl, zhp.pl, NS, 3600, ns1.atthost.pl, ns2.atthost.pl
slupsk.zhp.pl, zhp.pl, NS, 3600, ns1.ogicom.pl, ns2.ogicom.pl, ns3.ogicom.pl
lodzka.zhp.pl, zhp.pl, NS, 3600, ns1.atthost.pl, ns2.atthost.pl
konstantynow.zhp.pl, zhp.pl, A, 3600, 85.232.255.122
sieradz.zhp.pl, zhp.pl, A, 3600, 85.232.255.122
uniejow.zhp.pl, zhp.pl, NS, 3600, ns1.atthost.pl, ns2.atthost.pl
lodzka.zhp.pl, zhp.pl, MX, 3600, 0 lodzka-zhp-pl.mail.protection.outlook.com
bialostocka.zhp.pl, zhp.pl, TXT, 3600, "v=spf1 include:spf.protection.outlook.com -all"
opole.zhp.pl, zhp.pl, NS, 3600, a.eco.atman.pl, b.eco.atman.pl
chelmza.zhp.pl, zhp.pl, NS, 3600, dns10.linuxpl.com, ns10.linuxpl.com
strategia2025.zhp.pl, zhp.pl, NS, 3600, ns7.wixdns.net, ns6.wixdns.net
wschowa.zhp.pl, zhp.pl, NS, 3600, ns1.atthost.pl, ns2.atthost.pl
powiatwloclawek.zhp.pl, zhp.pl, NS, 3600, ns3.biznes-host.pl, ns4.biznes-host.pl
polko.zhp.pl, zhp.pl, NS, 3600, ns1.atthost.pl, ns2.atthost.pl
admin.zhp.pl, zhp.pl, NS, 3600, ns1.atthost.pl, ns2.atthost.pl
nforum.zhp.pl, zhp.pl, NS, 3600, ns1.atthost.pl, ns2.atthost.pl
instruktor.pabianice.zhp.pl, zhp.pl, NS, 3600, ns1.atthost.pl, ns2.atthost.pl
zuchy.pabianice.zhp.pl, zhp.pl, NS, 3600, ns1.atthost.pl, ns2.atthost.pl
baldy.zhp.pl, zhp.pl, NS, 3600, ns1.cba.pl, ns2.cba.pl, ns3.cba.pl
_sip._tls.ursuswlochy.zhp.pl, zhp.pl, SRV, 3600, 100 1 443 sipdir.online.lync.com
_sipfederationtls._tcp.ursuswlochy.zhp.pl, zhp.pl, SRV, 3600, 100 1 5061 sipfed.online.lync.com
autodiscover.ursuswlochy.zhp.pl, zhp.pl, CNAME, 3600, autodiscover.outlook.com
sip.ursuswlochy.zhp.pl, zhp.pl, CNAME, 3600, sipdir.online.lync.com
lyncdiscover.ursuswlochy.zhp.pl, zhp.pl, CNAME, 3600, webdir.online.lync.com
berdo.zhp.pl, zhp.pl, NS, 3600, ns1.atthost.pl, ns2.atthost.pl
dlugoleka.zhp.pl, zhp.pl, NS, 3600, dns10.linuxpl.com, ns10.linuxpl.com
gdanskwrzeszczoliwa.zhp.pl, zhp.pl, NS, 3600, ns10.ovh.net, dns10.ovh.net
selector1._domainkey.zhp.pl, zhp.pl, CNAME, 3600, selector1-zhp-pl._domainkey.gkzhp.onmicrosoft.com
selector2._domainkey.zhp.pl, zhp.pl, CNAME, 3600, selector2-zhp-pl._domainkey.gkzhp.onmicrosoft.com
malecz.zhp.pl, zhp.pl, NS, 3600, ns1.atthost.pl, ns2.atthost.pl
brzeg.zhp.pl, zhp.pl, NS, 3600, a.eco.atman.pl, b.eco.atman.pl
namyslow.zhp.pl, zhp.pl, NS, 3600, ns111.ovh.net, dns111.ovh.net
nysa.zhp.pl, zhp.pl, NS, 3600, a.eco.atman.pl, b.eco.atman.pl
kedzierzynkozle.zhp.pl, zhp.pl, NS, 3600, a.eco.atman.pl, b.eco.atman.pl
pabianice.zhp.pl, zhp.pl, MX, 3600, 0 pabianice-zhp-pl.mail.protection.outlook.com
autodiscover.pabianice.zhp.pl, zhp.pl, CNAME, 3600, autodiscover.outlook.com
sip.pabianice.zhp.pl, zhp.pl, CNAME, 3600, sipdir.online.lync.com
lyncdiscover.pabianice.zhp.pl, zhp.pl, CNAME, 3600, webdir.online.lync.com
pabianice.zhp.pl, zhp.pl, TXT, 3600, "v=spf1 include:spf.protection.outlook.com -all"
_sip._tls.pabianice.zhp.pl, zhp.pl, SRV, 3600, 100 1 443 sipdir.online.lync.com
_sipfederationtls._tcp.pabianice.zhp.pl, zhp.pl, SRV, 3600, 100 1 5061 sipfed.online.lync.com
adm.pabianice.zhp.pl, zhp.pl, NS, 3600, ns1.atthost.pl, ns2.atthost.pl
praszka.zhp.pl, zhp.pl, NS, 3600, a.eco.atman.pl, b.eco.atman.pl
krapkowice.zhp.pl, zhp.pl, NS, 3600, a.eco.atman.pl, b.eco.atman.pl
niemodlin.zhp.pl, zhp.pl, NS, 3600, a.eco.atman.pl, b.eco.atman.pl
100latgrojec.zhp.pl, zhp.pl, NS, 3600, ns1.nazwa.pl, ns2.nazwa.pl, ns3.nazwa.pl
zielonka.zhp.pl, zhp.pl, NS, 3600, ns1.atthost.pl, ns2.atthost.pl
wroclawpoludnie.zhp.pl, zhp.pl, NS, 3600, ns1.nazwa.pl, ns2.nazwa.pl, ns3.nazwa.pl
wataha.piaseczno.zhp.pl, zhp.pl, NS, 3600, dns.home.pl, dns2.home.pl, dns3.home.pl
myslenice.zhp.pl, zhp.pl, NS, 3600, ns1.hekko.net.pl, ns2.hekko.net.pl
cichociemni.grojec.zhp.pl, zhp.pl, NS, 3600, ns1.atthost.pl, ns2.atthost.pl
2szczep.pabianice.zhp.pl, zhp.pl, NS, 3600, ns1.atthost.pl, ns2.atthost.pl
wegrow.zhp.pl, zhp.pl, NS, 3600, ns1.atthost.pl, ns2.atthost.pl
starogard.zhp.pl, zhp.pl, NS, 3600, ns1.contabo.net, ns2.contabo.net, ns3.contabo.net
abc.zhp.pl, zhp.pl, NS, 3600, ns1.atthost.pl, ns2.atthost.pl
sl.zhp.pl, zhp.pl, NS, 3600, ns1.dhosting.pl, ns2.dhosting.pl
sl1.zhp.pl, zhp.pl, NS, 3600, ns1.dhosting.pl, ns2.dhosting.pl
sl2.zhp.pl, zhp.pl, NS, 3600, ns1.dhosting.pl, ns2.dhosting.pl
bedzin.zhp.pl, zhp.pl, NS, 3600, ns1.dhosting.pl, ns2.dhosting.pl
beskidzki.zhp.pl, zhp.pl, NS, 3600, ns1.dhosting.pl, ns2.dhosting.pl
sosnowiec.zhp.pl, zhp.pl, NS, 3600, ns1.dhosting.pl, ns2.dhosting.pl
bytom.zhp.pl, zhp.pl, NS, 3600, ns1.dhosting.pl, ns2.dhosting.pl
chorzow.zhp.pl, zhp.pl, NS, 3600, ns1.dhosting.pl, ns2.dhosting.pl
chrzanow.zhp.pl, zhp.pl, NS, 3600, ns1.dhosting.pl, ns2.dhosting.pl
cmoksong.zhp.pl, zhp.pl, NS, 3600, ns1.dhosting.pl, ns2.dhosting.pl
dabrowagornicza.zhp.pl, zhp.pl, NS, 3600, ns1.dhosting.pl, ns2.dhosting.pl
zywiec.zhp.pl, zhp.pl, NS, 3600, ns1.dhosting.pl, ns2.dhosting.pl
rybnik.zhp.pl, zhp.pl, NS, 3600, ns1.dhosting.pl, ns2.dhosting.pl
jastrzebiezdroj.zhp.pl, zhp.pl, NS, 3600, ns1.dhosting.pl, ns2.dhosting.pl
jaworzno.zhp.pl, zhp.pl, NS, 3600, ns1.dhosting.pl, ns2.dhosting.pl
gliwice.zhp.pl, zhp.pl, NS, 3600, ns1.dhosting.pl, ns2.dhosting.pl
klobuck.zhp.pl, zhp.pl, NS, 3600, ns1.dhosting.pl, ns2.dhosting.pl
kucoby.zhp.pl, zhp.pl, NS, 3600, ns1.dhosting.pl, ns2.dhosting.pl
myslowice.zhp.pl, zhp.pl, NS, 3600, ns1.dhosting.pl, ns2.dhosting.pl
zory.zhp.pl, zhp.pl, NS, 3600, ns1.dhosting.pl, ns2.dhosting.pl
zawiercie.zhp.pl, zhp.pl, NS, 3600, ns1.dhosting.pl, ns2.dhosting.pl
kuzniaraciborska.zhp.pl, zhp.pl, NS, 3600, ns1.dhosting.pl, ns2.dhosting.pl
myszkow.zhp.pl, zhp.pl, NS, 3600, ns1.dhosting.pl, ns2.dhosting.pl
wegierskagorka.zhp.pl, zhp.pl, NS, 3600, ns1.dhosting.pl, ns2.dhosting.pl
tarnowskiegory.zhp.pl, zhp.pl, NS, 3600, ns1.dhosting.pl, ns2.dhosting.pl
rydultowy.zhp.pl, zhp.pl, NS, 3600, ns1.dhosting.pl, ns2.dhosting.pl
siemianowice.zhp.pl, zhp.pl, NS, 3600, ns1.dhosting.pl, ns2.dhosting.pl
tychy.zhp.pl, zhp.pl, NS, 3600, ns1.dhosting.pl, ns2.dhosting.pl
wilczysko.zhp.pl, zhp.pl, A, 3600, 109.95.157.35
wodzislaw.zhp.pl, zhp.pl, NS, 3600, ns1.dhosting.pl, ns2.dhosting.pl
zabrze.zhp.pl, zhp.pl, NS, 3600, ns1.dhosting.pl, ns2.dhosting.pl
czerwionka.zhp.pl, zhp.pl, NS, 3600, ns1.dhosting.pl, ns2.dhosting.pl
slaska.zhp.pl, zhp.pl, NS, 3600, ns1.dhosting.pl, ns2.dhosting.pl
mikolow.zhp.pl, zhp.pl, NS, 3600, ns1.dhosting.pl, ns2.dhosting.pl
katowice.zhp.pl, zhp.pl, NS, 3600, ns1.dhosting.pl, ns2.dhosting.pl
hme.zhp.pl, zhp.pl, NS, 3600, ns1.dhosting.pl, ns2.dhosting.pl
patronus.zhp.pl, zhp.pl, A, 3600, 109.95.157.35
andrychow.zhp.pl, zhp.pl, NS, 3600, ns1.zenbox.pl, ns2.zenbox.pl
amonit.zhp.pl, zhp.pl, A, 3600, 109.95.158.82
wolsztyn.zhp.pl, zhp.pl, NS, 3600, ns1.atthost.pl, ns2.atthost.pl
wroclawpolnoc.zhp.pl, zhp.pl, NS, 3600, ns1.atthost.pl, ns2.atthost.pl
konskie.zhp.pl, zhp.pl, NS, 3600, ns1.atthost.pl, ns2.atthost.pl
edek.zhp.pl, zhp.pl, A, 3600, 104.214.218.237
nml.zhp.pl, zhp.pl, NS, 3600, ns1.atthost.pl, ns2.atthost.pl
ed.zhp.pl, zhp.pl, A, 3600, 104.214.218.237
www.piaseczno.zhp.pl, zhp.pl, CNAME, 3600, piaseczno.zhp.pl
chelm.zhp.pl, zhp.pl, NS, 3600, ns1.atthost.pl, ns2.atthost.pl
ryki.zhp.pl, zhp.pl, NS, 3600, ns1.atthost.pl, ns2.atthost.pl
tomaszowlubelski.zhp.pl, zhp.pl, NS, 3600, ns1.atthost.pl, ns2.atthost.pl
lubelska-test3.zhp.pl, zhp.pl, NS, 3600, ns1.atthost.pl, ns2.atthost.pl
lubelska-test4.zhp.pl, zhp.pl, NS, 3600, ns1.atthost.pl, ns2.atthost.pl
gorlice.zhp.pl, zhp.pl, NS, 3600, ns1.zenbox.pl, ns2.zenbox.pl
krakowska.zhp.pl, zhp.pl, NS, 3600, ns1.zenbox.pl, ns2.zenbox.pl
integrationservice.zhp.pl, zhp.pl, A, 3600, 104.214.218.237
winiec.zhp.pl, zhp.pl, NS, 3600, ns1.atthost.pl, ns2.atthost.pl
rn.zhp.pl, zhp.pl, TXT, 3600, "v=spf1 include:spf.protection.outlook.com -all"
miastko.zhp.pl, zhp.pl, NS, 3600, ns7.webd.pl, ns5.webd.pl
nowemiasto.zhp.pl, zhp.pl, A, 3600, 185.23.21.18
wm.zhp.pl, zhp.pl, NS, 3600, fns1.42.pl, fns2.42.pl
warminskomazurska.zhp.pl, zhp.pl, NS, 3600, fns1.42.pl, fns2.42.pl
bartoszyce.zhp.pl, zhp.pl, NS, 3600, fns1.42.pl, fns2.42.pl
biskupiec.zhp.pl, zhp.pl, NS, 3600, fns1.42.pl, fns2.42.pl
braniewo.zhp.pl, zhp.pl, NS, 3600, fns1.42.pl, fns2.42.pl
dobremiasto.zhp.pl, zhp.pl, NS, 3600, fns1.42.pl, fns2.42.pl
dzialdowo.zhp.pl, zhp.pl, NS, 3600, fns1.42.pl, fns2.42.pl
elk.zhp.pl, zhp.pl, NS, 3600, fns1.42.pl, fns2.42.pl
goldap.zhp.pl, zhp.pl, NS, 3600, fns1.42.pl, fns2.42.pl
ilawa.zhp.pl, zhp.pl, NS, 3600, fns1.42.pl, fns2.42.pl
ketrzyn.zhp.pl, zhp.pl, NS, 3600, fns1.42.pl, fns2.42.pl
lidzbark.zhp.pl, zhp.pl, NS, 3600, fns1.42.pl, fns2.42.pl
morag.zhp.pl, zhp.pl, NS, 3600, fns1.42.pl, fns2.42.pl
mragowo.zhp.pl, zhp.pl, NS, 3600, fns1.42.pl, fns2.42.pl
nidzica.zhp.pl, zhp.pl, NS, 3600, fns1.42.pl, fns2.42.pl
olecko.zhp.pl, zhp.pl, NS, 3600, fns1.42.pl, fns2.42.pl
pisz.zhp.pl, zhp.pl, NS, 3600, fns1.42.pl, fns2.42.pl
rodlo.zhp.pl, zhp.pl, NS, 3600, fns1.42.pl, fns2.42.pl
warminski.zhp.pl, zhp.pl, NS, 3600, fns1.42.pl, fns2.42.pl
wegorzewo.zhp.pl, zhp.pl, NS, 3600, fns1.42.pl, fns2.42.pl
boleslawiec.zhp.pl, zhp.pl, NS, 3600, ns1.cba.pl, ns2.cba.pl, ns3.cba.pl
info.lublin.zhp.pl, zhp.pl, NS, 3600, ns1.atthost.pl, ns2.atthost.pl
info.lubelska.zhp.pl, zhp.pl, NS, 3600, ns1.atthost.pl, ns2.atthost.pl
info.lukow.zhp.pl, zhp.pl, NS, 3600, ns1.atthost.pl, ns2.atthost.pl
info.pulawy.zhp.pl, zhp.pl, NS, 3600, ns1.atthost.pl, ns2.atthost.pl
_github-challenge-itwzhp.zhp.pl, zhp.pl, TXT, 3600, "da1510325a"
_github-challenge-itwzhp.gk.zhp.pl, zhp.pl, TXT, 3600, "e9917cb777"
lublin.zhp.pl, zhp.pl, NS, 3600, ns1.atthost.pl, ns2.atthost.pl
lukow.zhp.pl, zhp.pl, NS, 3600, ns1.atthost.pl, ns2.atthost.pl
sochaczew.zhp.pl, zhp.pl, NS, 3600, ns1.atthost.pl, ns2.atthost.pl
jaktorow.zhp.pl, zhp.pl, NS, 3600, ns1.atthost.pl, ns2.atthost.pl
pulawy.zhp.pl, zhp.pl, NS, 3600, ns1.atthost.pl, ns2.atthost.pl
zyrardow.zhp.pl, zhp.pl, NS, 3600, ns1.atthost.pl, ns2.atthost.pl
mazowszeplock.zhp.pl, zhp.pl, NS, 3600, ns1.atthost.pl, ns2.atthost.pl
plonsk.zhp.pl, zhp.pl, NS, 3600, ns1.atthost.pl, ns2.atthost.pl
edeklaracja.zhp.pl, zhp.pl, A, 3600, 51.105.209.75
milanowek.zhp.pl, zhp.pl, NS, 3600, ns5.webd.pl, ns7.webd.pl
przasnysz.zhp.pl, zhp.pl, NS, 3600, ns1.atthost.pl, ns2.atthost.pl
zeus.zhp.pl, zhp.pl, A, 3600, 213.189.38.137
jira.zhp.pl, zhp.pl, A, 3600, 213.189.38.137
crowd.zhp.pl, zhp.pl, A, 3600, 213.189.38.137
przerwanki.zhp.pl, zhp.pl, NS, 3600, fns1.42.pl, fns2.42.pl
zalecze.zhp.pl, zhp.pl, NS, 3600, ns1.atthost.pl, ns2.atthost.pl
ovhcontrol.zhp.pl, zhp.pl, TXT, 3600, "aoRqdwWKKnTDamiIqv6uqQ"
gniezno.zhp.pl, zhp.pl, A, 3600, 178.32.205.96
www.gniezno.zhp.pl, zhp.pl, A, 3600, 178.32.205.96
e-mazowiecka.zhp.pl, zhp.pl, NS, 3600, ns1.atthost.pl, ns2.atthost.pl
mazowieckazostajewdomu.zhp.pl, zhp.pl, NS, 3600, ns1.atthost.pl, ns2.atthost.pl
praszka.zhp.pl, zhp.pl, TXT, 3600, "YCt6GUiBSQdODPJJJ9SnkA"
opolska.zhp.pl, zhp.pl, NS, 3600, a.eco.atman.pl, b.eco.atman.pl
opolska.zhp.pl, zhp.pl, MX, 3600, 0 opolska-zhp-pl.mail.protection.outlook.com
opolska.zhp.pl, zhp.pl, TXT, 3600, "v=spf1 include:spf.protection.outlook.com -all"
autodiscover.opolska.zhp.pl, zhp.pl, CNAME, 3600, autodiscover.outlook.com
sip.opolska.zhp.pl, zhp.pl, CNAME, 3600, sipdir.online.lync.com
lyncdiscover.opolska.zhp.pl, zhp.pl, CNAME, 3600, webdir.online.lync.com
enterpriseregistration.opolska.zhp.pl, zhp.pl, CNAME, 3600, enterpriseregistration.windows.net
enterpriseenrollment.opolska.zhp.pl, zhp.pl, CNAME, 3600, enterpriseenrollment.manage.microsoft.com
_sip._tls.opolska.zhp.pl, zhp.pl, SRV, 3600, 100 1 443 sipdir.online.lync.com
_sipfederationtls._tcp.opolska.zhp.pl, zhp.pl, SRV, 3600, 100 1 5061 sipfed.online.lync.com
zabki.zhp.pl, zhp.pl, NS, 3600, ns1.atthost.pl, ns2.atthost.pl
garwolin.zhp.pl, zhp.pl, NS, 3600, ns1.atthost.pl, ns2.atthost.pl
blonie.zhp.pl, zhp.pl, NS, 3600, ns1.atthost.pl, ns2.atthost.pl
celestynow.zhp.pl, zhp.pl, NS, 3600, ns1.atthost.pl, ns2.atthost.pl
grodziskmazowiecki.zhp.pl, zhp.pl, NS, 3600, ns1.atthost.pl, ns2.atthost.pl
ursynow.zhp.pl, zhp.pl, NS, 3600, ns1.atthost.pl, ns2.atthost.pl
turek.zhp.pl, zhp.pl, NS, 3600, ns1.kylos.pl, ns2.kylos.pl
zhp.pl, zhp.pl, TXT, 3600, "v=spf1 include:spf.protection.outlook.com -all"
enterpriseregistration.zhp.pl, zhp.pl, CNAME, 3600, enterpriseregistration.windows.net
enterpriseenrollment.zhp.pl, zhp.pl, CNAME, 3600, enterpriseenrollment.manage.microsoft.com
superstrona.zhp.pl, zhp.pl, NS, 3600, ns1.atthost.pl, ns2.atthost.pl
tipi.zhp.pl, zhp.pl, A, 3600, 51.83.143.218
piekary.zhp.pl, zhp.pl, NS, 3600, ns1.dhosting.pl, ns2.dhosting.pl
slubice.zhp.pl, zhp.pl, NS, 3600, ns1.atthost.pl, ns2.atthost.pl
piaseczno.zhp.pl, zhp.pl, MX, 3600, 0 piaseczno-zhp-pl.mail.protection.outlook.com
autodiscover.piaseczno.zhp.pl, zhp.pl, CNAME, 3600, autodiscover.outlook.com
sip.piaseczno.zhp.pl, zhp.pl, CNAME, 3600, sipdir.online.lync.com
lyncdiscover.piaseczno.zhp.pl, zhp.pl, CNAME, 3600, webdir.online.lync.com
enterpriseregistration.piaseczno.zhp.pl, zhp.pl, CNAME, 3600, enterpriseregistration.windows.net
enterpriseenrollment.piaseczno.zhp.pl, zhp.pl, CNAME, 3600, enterpriseenrollment.manage.microsoft.com
piaseczno.zhp.pl, zhp.pl, TXT, 3600, "v=spf1 include:spf.protection.outlook.com -all"
_sip._tls.piaseczno.zhp.pl, zhp.pl, SRV, 3600, 100 1 443 sipdir.online.lync.com
_sipfederationtls._tcp.piaseczno.zhp.pl, zhp.pl, SRV, 3600, 100 1 5061 sipfed.online.lync.com
sokolow.zhp.pl, zhp.pl, NS, 3600, ns1.atthost.pl, ns2.atthost.pl
mam-pomysl.zhp.pl, zhp.pl, A, 3600, 213.189.38.137
piaseczno.zhp.pl, zhp.pl, A, 3600, 178.32.203.125
qnapgk.zhp.pl, zhp.pl, A, 3600, 213.189.38.134
demo-tipi.zhp.pl, zhp.pl, A, 3600, 213.189.38.138
preprod-tipi.zhp.pl, zhp.pl, A, 3600, 213.189.38.138
test1234.zhp.pl, zhp.pl, NS, 3600, ns1.atthost.pl, ns2.atthost.pl
qwas.zhp.pl, zhp.pl, NS, 3600, ns1.atthost.pl, ns2.atthost.pl
golubdobrzyn.zhp.pl, zhp.pl, NS, 3600, ns1.atthost.pl, ns2.atthost.pl
rajdgranica.zhp.pl, zhp.pl, NS, 3600, dns1.linuxpl.com, dns2.linuxpl.com, dns3.linuxpl.com
hp8.zhp.pl, zhp.pl, A, 3600, 213.189.38.135
rzeszow.zhp.pl, zhp.pl, NS, 3600, ns1.kylos.pl, ns2.kylos.pl
autodiscover.muzeumharcerstwa.zhp.pl, zhp.pl, CNAME, 3600, autodiscover.outlook.com
bialapodlaska.zhp.pl, zhp.pl, NS, 3600, ns1.atthost.pl, ns2.atthost.pl
lubelska.zhp.pl, zhp.pl, NS, 3600, ns1.atthost.pl, ns2.atthost.pl
miedzychod.zhp.pl, zhp.pl, NS, 3600, ns1.hostinghouse.pl, ns2.hostinghouse.pl
koszalin.zhp.pl, zhp.pl, NS, 3600, ns1.atthost.pl, ns2.atthost.pl
szczecin.zhp.pl, zhp.pl, NS, 3600, ns1.atthost.pl, ns2.atthost.pl
malbork.zhp.pl, zhp.pl, NS, 3600, ns1.nazwa.pl, ns2.nazwa.pl
czechowice-dziedzice.zhp.pl, zhp.pl, NS, 3600, ns1.dhosting.pl, ns2.dhosting.pl
szczecindabie.zhp.pl, zhp.pl, NS, 3600, ns1.atthost.pl, ns2.atthost.pl
police.zhp.pl, zhp.pl, NS, 3600, ns1.atthost.pl, ns2.atthost.pl
swinoujscie.zhp.pl, zhp.pl, NS, 3600, ns1.atthost.pl, ns2.atthost.pl
szczecinpogodno.zhp.pl, zhp.pl, NS, 3600, ns1.atthost.pl, ns2.atthost.pl
szczecinek.zhp.pl, zhp.pl, NS, 3600, ns1.atthost.pl, ns2.atthost.pl
mysliborz.zhp.pl, zhp.pl, NS, 3600, ns1.atthost.pl, ns2.atthost.pl
kolobrzeg.zhp.pl, zhp.pl, NS, 3600, ns1.atthost.pl, ns2.atthost.pl
goleniow.zhp.pl, zhp.pl, NS, 3600, ns1.atthost.pl, ns2.atthost.pl
zachpom.zhp.pl, zhp.pl, NS, 3600, ns1.atthost.pl, ns2.atthost.pl
zoliborz.zhp.pl, zhp.pl, NS, 3600, ns1.atthost.pl, ns2.atthost.pl
muzeumharcerstwa.zhp.pl, zhp.pl, A, 3600, 185.36.169.152
muzeumharcerstwa.zhp.pl, zhp.pl, TXT, 3600, "v=spf1 include:spf.protection.outlook.com -all"
muzeumharcerstwa.zhp.pl, zhp.pl, MX, 3600, 0 muzeumharcerstwa-zhp-pl.mail.protection.outlook.com
enterpriseregistration.muzeumharcerstwa.zhp.pl, zhp.pl, CNAME, 3600, enterpriseregistration.windows.net
enterpriseenrollment.muzeumharcerstwa.zhp.pl, zhp.pl, CNAME, 3600, enterpriseenrollment.manage.microsoft.com
ursuswlochy.zhp.pl, zhp.pl, NS, 3600, ns1.atthost.pl, ns2.atthost.pl
gdynia.zhp.pl, zhp.pl, MX, 3600, 0 gdynia-zhp-pl.mail.protection.outlook.com
autodiscover.gdynia.zhp.pl, zhp.pl, CNAME, 3600, autodiscover.outlook.com
gdynia.zhp.pl, zhp.pl, TXT, 3600, "v=spf1 include:spf.protection.outlook.com -all"
nowe.zhp.pl, zhp.pl, A, 3600, 51.75.54.175
strony.zhp.pl, zhp.pl, A, 3600, 51.75.54.175
dk.zhp.pl, zhp.pl, A, 3600, 51.75.54.175
zhp.pl, zhp.pl, SOA, 86400, dns.home.pl admin.home.pl
zhp.pl, zhp.pl, NS, 86400, dns.home.pl, dns2.home.pl, dns3.home.pl
zhp.pl, zhp.pl, A, 3600, 51.75.54.175
zhp.pl, zhp.pl, MX, 3600, 10 zhp-pl.mail.protection.outlook.com
n.zhp.pl, zhp.pl, A, 3600, 51.75.54.175
work.zhp.pl, zhp.pl, A, 3600, 51.75.54.175
archiwum.zhp.pl, zhp.pl, A, 3600, 51.75.54.175
bazy.zhp.pl, zhp.pl, A, 3600, 51.75.54.175
hops.zhp.pl, zhp.pl, NS, 3600, ns1.cyberfolks.pl, ns2.cyberfolks.pl, ns3.cyberfolks.pl
lodzwidzew.zhp.pl, zhp.pl, NS, 3600, ns1.atthost.pl, ns2.atthost.pl
dolnoslaska2.zhp.pl, zhp.pl, NS, 3600, ns1.dhosting.pl, ns2.dhosting.pl
czarna2.zhp.pl, zhp.pl, NS, 3600, ns1.dhosting.pl, ns2.dhosting.pl
pobierowo2.zhp.pl, zhp.pl, NS, 3600, ns1.dhosting.pl, ns2.dhosting.pl
rudaslaska.zhp.pl, zhp.pl, NS, 3600, ns1.dhosting.pl, ns2.dhosting.pl
dolnoslaska3.zhp.pl, zhp.pl, NS, 3600, ns1.dhosting.pl, ns2.dhosting.pl
cbp.zhp.pl, zhp.pl, A, 3600, 51.75.54.175
zapytaj.zhp.pl, zhp.pl, A, 3600, 51.75.54.175
ekodruzyna.zhp.pl, zhp.pl, A, 3600, 51.75.54.175
covid-zaswiadczenia.zhp.pl, zhp.pl, A, 3600, 51.75.54.175
bip.zhp.pl, zhp.pl, A, 3600, 51.75.54.175
zgloszenia-rajdodkrywcow.zhp.pl, zhp.pl, A, 3600, 51.75.54.175
hsr.zhp.pl, zhp.pl, A, 3600, 51.75.54.175
hib.zhp.pl, zhp.pl, A, 3600, 51.75.54.175
harc2o.zhp.pl, zhp.pl, A, 3600, 51.75.54.175
natropie.zhp.pl, zhp.pl, A, 3600, 51.75.54.175
swiatlo.zhp.pl, zhp.pl, A, 3600, 51.75.54.175
rajdodkrywcow.zhp.pl, zhp.pl, A, 3600, 51.75.54.175
specjalnosci.zhp.pl, zhp.pl, A, 3600, 51.75.54.175
stopka.zhp.pl, zhp.pl, A, 3600, 51.75.54.175
turniej.zhp.pl, zhp.pl, A, 3600, 51.75.54.175
turniejgromad.zhp.pl, zhp.pl, A, 3600, 51.75.54.175
watra.zhp.pl, zhp.pl, A, 3600, 51.75.54.175
starszyzna2.zhp.pl, zhp.pl, A, 3600, 51.75.54.175
zielonanuta.zhp.pl, zhp.pl, NS, 3600, ns1.he.net, ns2.he.net, ns3.he.net
lacznosc.zhp.pl, zhp.pl, A, 3600, 51.75.54.175
panel.zhp.pl, zhp.pl, A, 3600, 51.75.54.175
stock.zhp.pl, zhp.pl, A, 3600, 51.75.54.175
repozytorium.zhp.pl, zhp.pl, A, 3600, 51.75.54.175
intranet.zhp.pl, zhp.pl, A, 3600, 51.75.54.175
dokumenty.zhp.pl, zhp.pl, A, 3600, 51.75.54.175
cwm.zhp.pl, zhp.pl, A, 3600, 51.75.54.175
ej2020.zhp.pl, zhp.pl, A, 3600, 51.75.54.175
haliz.zhp.pl, zhp.pl, A, 3600, 51.75.54.175
jamboree2019.zhp.pl, zhp.pl, A, 3600, 51.75.54.175
sluzba.zhp.pl, zhp.pl, A, 3600, 51.75.54.175
autodiscover.grunwald.zhp.pl, zhp.pl, CNAME, 3600, autodiscover.outlook.com
ckr.zhp.pl, zhp.pl, A, 3600, 51.75.54.175
emblematy.zhp.pl, zhp.pl, A, 3600, 51.75.54.175
grunwald.zhp.pl, zhp.pl, A, 3600, 51.75.54.175
grunwald.zhp.pl, zhp.pl, MX, 3600, 0 grunwald-zhp-pl.mail.protection.outlook.com
jamboree2015.zhp.pl, zhp.pl, A, 3600, 51.75.54.175
programator.zhp.pl, zhp.pl, A, 3600, 51.75.54.175
czat.zhp.pl, zhp.pl, A, 3600, 51.75.54.175
e.zhp.pl, zhp.pl, A, 3600, 51.75.54.175
fsj.zhp.pl, zhp.pl, A, 3600, 51.75.54.175
czuwaj.zhp.pl, zhp.pl, A, 3600, 51.75.54.175
kursy.zhp.pl, zhp.pl, A, 3600, 51.75.54.175
komunikaty.gk.zhp.pl, zhp.pl, A, 3600, 51.75.54.175
poczta.zhp.pl, zhp.pl, A, 3600, 51.75.54.175
powodydodumy.zhp.pl, zhp.pl, A, 3600, 51.75.54.175
lotnictwo.zhp.pl, zhp.pl, A, 3600, 51.75.54.175
spadochroniarze.zhp.pl, zhp.pl, A, 3600, 51.75.54.175
grunwald.zhp.pl, zhp.pl, TXT, 3600, "v=spf1 include:spf.protection.outlook.com -all"
raporty.odkrywcy.zhp.pl, zhp.pl, A, 3600, 51.75.54.175
starszyzna.zhp.pl, zhp.pl, A, 3600, 51.75.54.175
lesneplemiona.zhp.pl, zhp.pl, A, 3600, 51.75.54.175
odkrywcy.zhp.pl, zhp.pl, A, 3600, 51.75.54.175
www.starszyzna.zhp.pl, zhp.pl, A, 3600, 51.75.54.175
limev3.zhp.pl, zhp.pl, NS, 3600, ns1.atthost.pl, ns2.atthost.pl
limev4.zhp.pl, zhp.pl, A, 3600, 51.75.54.175
strzelce.zhp.pl, zhp.pl, MX, 3600, 0 strzelce-zhp-pl.mail.protection.outlook.com
autodiscover.strzelce.zhp.pl, zhp.pl, CNAME, 3600, autodiscover.outlook.com
strzelce.zhp.pl, zhp.pl, TXT, 3600, "v=spf1 include:spf.protection.outlook.com -all"
strzelce.zhp.pl, zhp.pl, A, 3600, 185.135.90.126
www.strzelce.zhp.pl, zhp.pl, A, 3600, 185.135.90.126
*.strzelce.zhp.pl, zhp.pl, A, 3600, 185.135.90.126
inowlodz.zhp.pl, zhp.pl, NS, 3600, ns1.atthost.pl, ns2.atthost.pl
dolinapilicy.zhp.pl, zhp.pl, NS, 3600, ns1.atthost.pl, ns2.atthost.pl
youthwave.zhp.pl, zhp.pl, CNAME, 3600, zhp.pl
pobierowo.zhp.pl, zhp.pl, NS, 3600, ns1.nazwa.pl, ns2.nazwa.pl, ns3.nazwa.pl
abcabc.zhp.pl, zhp.pl, NS, 3600, ns1.atthost.pl, ns2.atthost.pl
stargard.zhp.pl, zhp.pl, NS, 3600, ns1.atthost.pl, ns2.atthost.pl
rozewie.zhp.pl, zhp.pl, NS, 3600, ns1.nazwa.pl, ns2.nazwa.pl, ns3.nazwa.pl
www.haliz.zhp.pl, zhp.pl, CNAME, 3600, haliz.zhp.pl
_acme-challenge.haliz.zhp.pl, zhp.pl, TXT, 3600, "jd-YDJYrtRp7nynl5NEJyNrHqwrtfpm7j1H-rOJ5LfQ"
